file,class,type,cbo,cboModified,fanin,fanout,wmc,dit,noc,rfc,lcom,lcom*,tcc,lcc,totalMethodsQty,staticMethodsQty,publicMethodsQty,privateMethodsQty,protectedMethodsQty,defaultMethodsQty,visibleMethodsQty,abstractMethodsQty,finalMethodsQty,synchronizedMethodsQty,totalFieldsQty,staticFieldsQty,publicFieldsQty,privateFieldsQty,protectedFieldsQty,defaultFieldsQty,finalFieldsQty,synchronizedFieldsQty,nosi,loc,returnQty,loopQty,comparisonsQty,tryCatchQty,parenthesizedExpsQty,stringLiteralsQty,numbersQty,assignmentsQty,mathOperationsQty,variablesQty,maxNestedBlocksQty,anonymousClassesQty,innerClassesQty,lambdasQty,uniqueWordsQty,modifiers,logStatementsQty
C:\Users\Okan\Desktop\KOU YL YM\Yazılım Mimarisi ve Tasarım Yöntemleri\Proje\Sürümler\jsoup-jsoup-1.19.1\jsoup-jsoup-1.19.1\src\main\java\org\jsoup\nodes\Document.java,org.jsoup.nodes.Document$QuirksMode,enum,0,0,0,0,0,1,0,0,0,0.0,-1.0,-1.0,0,0,0,0,0,0,0,0,0,0,0,0,0,0,0,0,0,0,0,1,0,0,0,0,0,0,0,0,0,0,0,0,0,0,4,1,0
C:\Users\Okan\Desktop\KOU YL YM\Yazılım Mimarisi ve Tasarım Yöntemleri\Proje\Sürümler\jsoup-jsoup-1.19.1\jsoup-jsoup-1.19.1\src\main\java\org\jsoup\helper\DataUtil.java,org.jsoup.helper.DataUtil,class,19,22,3,19,72,1,0,70,169,0.93859655,0.0,0.0,19,18,8,4,0,7,15,0,0,0,6,6,1,3,0,2,6,0,34,212,27,3,33,5,2,23,52,56,1,38,5,0,1,0,209,17,0
C:\Users\Okan\Desktop\KOU YL YM\Yazılım Mimarisi ve Tasarım Yöntemleri\Proje\Sürümler\jsoup-jsoup-1.19.1\jsoup-jsoup-1.19.1\src\main\java\org\jsoup\Connection.java,org.jsoup.Connection$Response,interface,6,6,0,6,11,1,0,0,55,0.0,0.0,0.0,11,0,0,0,0,11,11,0,0,0,0,0,0,0,0,0,0,0,0,15,0,0,0,0,0,0,0,0,0,0,0,0,0,0,134,0,0
C:\Users\Okan\Desktop\KOU YL YM\Yazılım Mimarisi ve Tasarım Yöntemleri\Proje\Sürümler\jsoup-jsoup-1.19.1\jsoup-jsoup-1.19.1\src\main\java\org\jsoup\helper\ChangeNotifyingArrayList.java,org.jsoup.helper.ChangeNotifyingArrayList,class,2,5,3,2,13,4,0,12,78,0.0,0.0,0.0,13,0,12,0,1,0,13,1,0,0,0,0,0,0,0,0,0,0,0,50,8,0,0,0,0,0,0,0,0,0,0,0,0,0,32,1025,0
C:\Users\Okan\Desktop\KOU YL YM\Yazılım Mimarisi ve Tasarım Yöntemleri\Proje\Sürümler\jsoup-jsoup-1.19.1\jsoup-jsoup-1.19.1\src\main\java\org\jsoup\nodes\Range.java,org.jsoup.nodes.Range,class,4,10,6,4,20,1,0,7,0,0.6136364,0.0,0.0,11,1,10,0,0,1,11,0,0,0,3,2,0,2,0,1,3,0,1,110,15,0,5,0,0,1,3,7,1,7,1,0,2,0,112,1,0
C:\Users\Okan\Desktop\KOU YL YM\Yazılım Mimarisi ve Tasarım Yöntemleri\Proje\Sürümler\jsoup-jsoup-1.19.1\jsoup-jsoup-1.19.1\src\main\java\org\jsoup\select\Evaluator.java,org.jsoup.select.Evaluator$IsOnlyOfType,innerclass,3,3,0,3,8,2,0,5,1,0.0,0.0,0.0,2,0,2,0,0,0,2,0,0,0,0,0,0,0,0,0,0,0,0,17,3,1,3,0,0,1,3,4,0,3,2,0,0,0,17,25,0
C:\Users\Okan\Desktop\KOU YL YM\Yazılım Mimarisi ve Tasarım Yöntemleri\Proje\Sürümler\jsoup-jsoup-1.19.1\jsoup-jsoup-1.19.1\src\main\java\org\jsoup\select\Evaluator.java,org.jsoup.select.Evaluator$IndexEvaluator,innerclass,1,1,0,1,1,2,0,0,0,0.0,NaN,NaN,1,0,1,0,0,0,1,0,0,0,1,0,0,0,0,1,1,0,0,6,0,0,0,0,0,0,0,1,0,1,0,0,0,0,8,1033,0
C:\Users\Okan\Desktop\KOU YL YM\Yazılım Mimarisi ve Tasarım Yöntemleri\Proje\Sürümler\jsoup-jsoup-1.19.1\jsoup-jsoup-1.19.1\src\main\java\org\jsoup\select\Evaluator.java,org.jsoup.select.Evaluator$ContainsWholeText,innerclass,2,2,0,2,4,2,0,3,0,0.25,0.0,0.0,4,0,3,0,1,0,4,0,0,0,1,0,0,1,0,0,1,0,1,15,3,0,0,0,0,1,1,1,0,1,0,0,0,0,22,25,0
C:\Users\Okan\Desktop\KOU YL YM\Yazılım Mimarisi ve Tasarım Yöntemleri\Proje\Sürümler\jsoup-jsoup-1.19.1\jsoup-jsoup-1.19.1\src\main\java\org\jsoup\nodes\Entities.java,org.jsoup.nodes.Entities$CoreCharset,enum,1,1,0,1,3,1,0,2,0,0.0,NaN,NaN,1,1,0,0,0,1,1,0,0,0,0,0,0,0,0,0,0,0,0,6,3,0,0,0,0,2,0,0,0,0,1,0,0,0,9,0,0
C:\Users\Okan\Desktop\KOU YL YM\Yazılım Mimarisi ve Tasarım Yöntemleri\Proje\Sürümler\jsoup-jsoup-1.19.1\jsoup-jsoup-1.19.1\src\main\java\org\jsoup\internal\ControllableInputStream.java,org.jsoup.internal.ControllableInputStream,class,8,11,3,8,47,3,0,27,44,0.8088234,0.0,0.0,17,3,14,3,0,0,14,0,0,0,12,0,0,12,0,0,1,0,15,142,15,2,8,2,3,4,26,41,9,25,4,0,0,0,134,1,0
C:\Users\Okan\Desktop\KOU YL YM\Yazılım Mimarisi ve Tasarım Yöntemleri\Proje\Sürümler\jsoup-jsoup-1.19.1\jsoup-jsoup-1.19.1\src\main\java\org\jsoup\safety\Cleaner.java,org.jsoup.safety.Cleaner,class,14,17,3,14,16,1,0,32,9,0.5,0.0,0.0,6,0,4,2,0,0,4,0,0,0,1,0,0,1,0,0,1,0,10,108,5,1,2,0,1,6,5,19,0,19,2,0,2,0,168,1,0
C:\Users\Okan\Desktop\KOU YL YM\Yazılım Mimarisi ve Tasarım Yöntemleri\Proje\Sürümler\jsoup-jsoup-1.19.1\jsoup-jsoup-1.19.1\src\main\java\org\jsoup\nodes\Element.java,org.jsoup.nodes.Element,class,54,146,92,54,270,6,3,207,9994,0.9430502,0.0,0.0,148,5,126,11,5,6,137,0,1,0,7,3,0,5,0,2,3,0,113,819,166,16,47,3,16,44,43,105,11,83,4,0,2,3,625,1,0
C:\Users\Okan\Desktop\KOU YL YM\Yazılım Mimarisi ve Tasarım Yöntemleri\Proje\Sürümler\jsoup-jsoup-1.19.1\jsoup-jsoup-1.19.1\src\main\java\org\jsoup\helper\HttpConnection.java,org.jsoup.helper.HttpConnection,class,17,21,4,17,58,3,0,43,0,0.9214047,0.0,0.0,46,4,42,2,0,2,44,0,0,0,13,9,5,5,0,3,9,0,22,934,45,7,2,1,0,26,6,25,2,18,2,0,4,0,192,1,0
C:\Users\Okan\Desktop\KOU YL YM\Yazılım Mimarisi ve Tasarım Yöntemleri\Proje\Sürümler\jsoup-jsoup-1.19.1\jsoup-jsoup-1.19.1\src\main\java\org\jsoup\helper\UrlBuilder.java,org.jsoup.helper.UrlBuilder,class,5,8,3,5,28,1,0,30,7,0.61111116,0.0,0.0,6,3,0,3,0,3,3,0,0,0,3,1,0,1,0,2,1,0,19,70,4,1,8,2,3,3,10,10,5,7,3,0,0,0,75,16,0
C:\Users\Okan\Desktop\KOU YL YM\Yazılım Mimarisi ve Tasarım Yöntemleri\Proje\Sürümler\jsoup-jsoup-1.19.1\jsoup-jsoup-1.19.1\src\main\java\org\jsoup\select\NodeTraversor.java,org.jsoup.select.NodeTraversor,class,7,14,7,7,34,1,0,14,6,0.0,0.0,0.0,4,4,4,0,0,0,4,0,0,0,0,0,0,0,0,0,0,0,8,88,5,6,23,0,2,0,9,22,0,10,4,0,0,0,61,1,0
C:\Users\Okan\Desktop\KOU YL YM\Yazılım Mimarisi ve Tasarım Yöntemleri\Proje\Sürümler\jsoup-jsoup-1.19.1\jsoup-jsoup-1.19.1\src\main\java\org\jsoup\parser\Token.java,org.jsoup.parser.Token$XmlDecl,innerclass,4,4,0,4,7,3,0,5,1,0.33333334,0.0,0.0,3,0,2,0,0,1,3,0,0,0,1,0,0,0,0,1,0,0,0,17,3,0,0,0,0,5,1,4,2,3,1,0,0,0,20,24,0
C:\Users\Okan\Desktop\KOU YL YM\Yazılım Mimarisi ve Tasarım Yöntemleri\Proje\Sürümler\jsoup-jsoup-1.19.1\jsoup-jsoup-1.19.1\src\main\java\org\jsoup\safety\Safelist.java,org.jsoup.safety.Safelist$AttributeKey,innerclass,3,3,0,3,2,2,0,1,1,0.0,0.0,0.0,2,1,0,0,0,2,2,0,0,0,0,0,0,0,0,0,0,0,1,8,1,0,0,0,0,0,0,0,0,0,0,0,0,0,6,8,0
C:\Users\Okan\Desktop\KOU YL YM\Yazılım Mimarisi ve Tasarım Yöntemleri\Proje\Sürümler\jsoup-jsoup-1.19.1\jsoup-jsoup-1.19.1\src\main\java\org\jsoup\select\Evaluator.java,org.jsoup.select.Evaluator$MatchesOwn,innerclass,2,2,0,2,4,2,0,4,0,0.25,0.0,0.0,4,0,3,0,1,0,4,0,0,0,1,0,0,1,0,0,1,0,1,16,3,0,0,0,0,1,1,2,0,2,0,0,0,0,18,25,0
C:\Users\Okan\Desktop\KOU YL YM\Yazılım Mimarisi ve Tasarım Yöntemleri\Proje\Sürümler\jsoup-jsoup-1.19.1\jsoup-jsoup-1.19.1\src\main\java\org\jsoup\select\StructuralEvaluator.java,org.jsoup.select.StructuralEvaluator$Ancestor,innerclass,3,3,0,3,8,3,0,4,6,0.0,0.0,0.0,4,0,3,0,1,0,4,0,0,0,0,0,0,0,0,0,0,0,1,19,5,1,3,0,0,1,1,2,1,1,2,0,0,0,19,8,0
C:\Users\Okan\Desktop\KOU YL YM\Yazılım Mimarisi ve Tasarım Yöntemleri\Proje\Sürümler\jsoup-jsoup-1.19.1\jsoup-jsoup-1.19.1\src\main\java\org\jsoup\select\CombiningEvaluator.java,org.jsoup.select.CombiningEvaluator$And,innerclass,4,4,0,4,6,3,0,4,6,0.0,0.0,0.0,4,0,3,0,0,1,4,0,0,0,0,0,0,0,0,0,0,0,2,18,3,1,0,0,0,1,1,2,0,2,2,0,0,0,14,25,0
C:\Users\Okan\Desktop\KOU YL YM\Yazılım Mimarisi ve Tasarım Yöntemleri\Proje\Sürümler\jsoup-jsoup-1.19.1\jsoup-jsoup-1.19.1\src\main\java\org\jsoup\nodes\NodeIterator.java,org.jsoup.nodes.NodeIterator,class,5,9,4,5,24,1,0,12,0,0.5625,0.0,0.0,8,1,6,2,0,0,6,0,0,0,6,0,0,6,0,0,1,0,2,64,7,2,8,0,0,0,2,19,0,8,7,0,0,0,95,1,0
C:\Users\Okan\Desktop\KOU YL YM\Yazılım Mimarisi ve Tasarım Yöntemleri\Proje\Sürümler\jsoup-jsoup-1.19.1\jsoup-jsoup-1.19.1\src\main\java\org\jsoup\parser\Token.java,org.jsoup.parser.Token$EndTag,innerclass,2,2,0,2,2,3,0,1,1,0.0,0.0,0.0,2,0,1,0,0,1,2,0,0,0,0,0,0,0,0,0,0,0,0,8,1,0,0,0,0,2,0,0,1,0,0,0,0,0,8,24,0
C:\Users\Okan\Desktop\KOU YL YM\Yazılım Mimarisi ve Tasarım Yöntemleri\Proje\Sürümler\jsoup-jsoup-1.19.1\jsoup-jsoup-1.19.1\src\main\java\org\jsoup\helper\HttpConnection.java,org.jsoup.helper.HttpConnection$Request,innerclass,11,11,0,11,32,2,0,9,278,0.9027778,0.0,0.0,28,0,25,0,0,3,29,0,0,0,18,0,0,15,0,3,1,0,8,150,25,0,0,0,0,8,6,42,1,18,1,0,0,0,64,9,0
C:\Users\Okan\Desktop\KOU YL YM\Yazılım Mimarisi ve Tasarım Yöntemleri\Proje\Sürümler\jsoup-jsoup-1.19.1\jsoup-jsoup-1.19.1\src\main\java\org\jsoup\nodes\Document.java,org.jsoup.nodes.Document,class,21,56,35,21,53,3,0,45,426,0.8958333,0.0,0.0,32,1,29,3,0,0,29,0,0,0,6,1,0,6,0,0,2,0,10,258,33,5,10,0,1,27,0,35,0,24,3,0,2,0,221,1,0
C:\Users\Okan\Desktop\KOU YL YM\Yazılım Mimarisi ve Tasarım Yöntemleri\Proje\Sürümler\jsoup-jsoup-1.19.1\jsoup-jsoup-1.19.1\src\main\java\org\jsoup\Jsoup.java,org.jsoup.Jsoup,class,11,17,6,11,26,1,0,25,276,0.0,0.0,0.0,24,23,23,1,0,0,23,0,0,0,0,0,0,0,0,0,0,0,19,85,23,0,0,0,0,4,0,8,0,7,1,0,0,0,313,1,0
C:\Users\Okan\Desktop\KOU YL YM\Yazılım Mimarisi ve Tasarım Yöntemleri\Proje\Sürümler\jsoup-jsoup-1.19.1\jsoup-jsoup-1.19.1\src\main\java\org\jsoup\parser\HtmlTreeBuilder.java,org.jsoup.parser.HtmlTreeBuilder,class,28,57,29,28,267,2,0,119,3933,0.96737576,0.0,0.0,94,6,1,7,3,83,87,0,0,0,30,16,1,15,0,14,16,0,31,680,87,22,33,1,6,213,60,148,32,120,3,0,0,0,349,1,1
C:\Users\Okan\Desktop\KOU YL YM\Yazılım Mimarisi ve Tasarım Yöntemleri\Proje\Sürümler\jsoup-jsoup-1.19.1\jsoup-jsoup-1.19.1\src\main\java\org\jsoup\nodes\FormElement.java,org.jsoup.nodes.FormElement,class,17,21,4,17,27,3,0,32,15,0.71428573,0.0,0.0,7,0,6,0,1,0,7,0,0,0,2,0,0,2,0,0,2,0,8,69,5,3,4,0,0,18,2,16,0,15,4,0,0,0,138,1,0
C:\Users\Okan\Desktop\KOU YL YM\Yazılım Mimarisi ve Tasarım Yöntemleri\Proje\Sürümler\jsoup-jsoup-1.19.1\jsoup-jsoup-1.19.1\src\main\java\org\jsoup\UnsupportedMimeTypeException.java,org.jsoup.UnsupportedMimeTypeException,class,0,1,1,0,4,4,0,1,0,0.25,0.0,0.0,4,0,4,0,0,0,4,0,0,0,2,0,0,2,0,0,2,0,0,18,3,0,0,0,0,2,0,2,1,2,0,0,0,0,28,1,0
C:\Users\Okan\Desktop\KOU YL YM\Yazılım Mimarisi ve Tasarım Yöntemleri\Proje\Sürümler\jsoup-jsoup-1.19.1\jsoup-jsoup-1.19.1\src\main\java\org\jsoup\select\StructuralEvaluator.java,org.jsoup.select.StructuralEvaluator,class,4,11,7,4,3,16,12,8,0,0.0,0.0,0.0,3,0,1,0,1,1,3,0,0,0,2,0,0,0,0,2,2,0,2,191,1,0,0,0,0,0,0,4,0,5,0,0,8,1,13,1024,0
C:\Users\Okan\Desktop\KOU YL YM\Yazılım Mimarisi ve Tasarım Yöntemleri\Proje\Sürümler\jsoup-jsoup-1.19.1\jsoup-jsoup-1.19.1\src\main\java\org\jsoup\internal\SimpleBufferedInput.java,org.jsoup.internal.SimpleBufferedInput,class,5,7,2,5,39,3,0,11,0,0.6363636,0.0,0.0,11,0,6,2,0,3,9,0,0,0,7,2,0,5,0,2,2,0,5,112,12,1,7,0,0,4,26,26,10,12,3,0,0,1,92,0,0
C:\Users\Okan\Desktop\KOU YL YM\Yazılım Mimarisi ve Tasarım Yöntemleri\Proje\Sürümler\jsoup-jsoup-1.19.1\jsoup-jsoup-1.19.1\src\main\java\org\jsoup\helper\AuthenticationHandler.java,org.jsoup.helper.AuthenticationHandler$GlobalHandler,innerclass,3,3,0,3,4,1,0,4,0,0.0,0.0,0.0,3,0,3,0,0,0,4,0,0,0,1,1,0,0,0,1,0,0,1,15,1,0,0,0,0,0,0,1,0,1,0,0,0,0,29,8,0
C:\Users\Okan\Desktop\KOU YL YM\Yazılım Mimarisi ve Tasarım Yöntemleri\Proje\Sürümler\jsoup-jsoup-1.19.1\jsoup-jsoup-1.19.1\src\main\java\org\jsoup\parser\StreamParser.java,org.jsoup.parser.StreamParser$ElementIterator,innerclass,7,7,0,7,20,1,0,11,0,0.5,0.0,0.0,7,0,5,1,0,1,6,0,0,0,4,0,0,4,0,0,1,0,0,58,5,1,7,0,1,0,0,14,0,6,2,0,0,0,39,16,0
C:\Users\Okan\Desktop\KOU YL YM\Yazılım Mimarisi ve Tasarım Yöntemleri\Proje\Sürümler\jsoup-jsoup-1.19.1\jsoup-jsoup-1.19.1\src\main\java\org\jsoup\nodes\EntitiesData.java,org.jsoup.nodes.EntitiesData,class,0,0,0,0,1,1,0,0,0,NaN,NaN,NaN,0,0,0,0,0,0,1,0,0,0,3,3,0,0,0,3,3,0,0,10,0,0,0,0,0,3,0,3,0,3,0,0,0,0,4763,0,0
C:\Users\Okan\Desktop\KOU YL YM\Yazılım Mimarisi ve Tasarım Yöntemleri\Proje\Sürümler\jsoup-jsoup-1.19.1\jsoup-jsoup-1.19.1\src\main\java\org\jsoup\parser\StreamParser.java,org.jsoup.parser.StreamParser,class,12,17,5,12,20,1,0,28,87,0.7888888,0.0,0.0,18,0,18,0,0,0,18,0,0,0,5,0,0,5,0,0,3,0,7,142,17,0,1,1,0,3,0,11,0,9,1,0,1,0,242,1,0
C:\Users\Okan\Desktop\KOU YL YM\Yazılım Mimarisi ve Tasarım Yöntemleri\Proje\Sürümler\jsoup-jsoup-1.19.1\jsoup-jsoup-1.19.1\src\main\java\org\jsoup\select\Evaluator.java,org.jsoup.select.Evaluator$IndexEquals,innerclass,2,2,0,2,4,3,0,2,3,0.0,0.0,0.0,3,0,3,0,0,0,3,0,0,0,0,0,0,0,0,0,0,0,1,11,2,0,1,0,0,1,0,0,0,0,0,0,0,0,15,25,0
C:\Users\Okan\Desktop\KOU YL YM\Yazılım Mimarisi ve Tasarım Yöntemleri\Proje\Sürümler\jsoup-jsoup-1.19.1\jsoup-jsoup-1.19.1\src\main\java\org\jsoup\select\Selector.java,org.jsoup.select.Selector$SelectorParseException,innerclass,0,0,0,0,3,5,0,1,3,0.0,0.0,0.0,3,0,3,0,0,0,3,0,0,0,0,0,0,0,0,0,0,0,2,11,0,0,0,0,0,0,0,0,0,0,0,0,0,0,8,9,0
C:\Users\Okan\Desktop\KOU YL YM\Yazılım Mimarisi ve Tasarım Yöntemleri\Proje\Sürümler\jsoup-jsoup-1.19.1\jsoup-jsoup-1.19.1\src\main\java\org\jsoup\parser\Token.java,org.jsoup.parser.Token$Tag,innerclass,15,15,0,15,57,2,0,34,168,0.848889,0.0,0.0,25,0,1,4,0,20,21,1,18,0,15,1,0,8,2,5,5,0,7,170,10,1,14,0,0,2,7,53,0,25,4,0,0,0,65,1032,0
C:\Users\Okan\Desktop\KOU YL YM\Yazılım Mimarisi ve Tasarım Yöntemleri\Proje\Sürümler\jsoup-jsoup-1.19.1\jsoup-jsoup-1.19.1\src\main\java\org\jsoup\nodes\XmlDeclaration.java,org.jsoup.nodes.XmlDeclaration,class,8,14,6,8,15,3,0,16,34,0.7777778,0.0,0.0,9,0,6,1,0,2,8,0,0,0,1,0,0,1,0,0,1,0,3,51,5,1,0,1,0,8,0,4,0,4,3,0,0,0,65,1,0
C:\Users\Okan\Desktop\KOU YL YM\Yazılım Mimarisi ve Tasarım Yöntemleri\Proje\Sürümler\jsoup-jsoup-1.19.1\jsoup-jsoup-1.19.1\src\main\java\org\jsoup\parser\Token.java,org.jsoup.parser.Token$Doctype,innerclass,3,3,0,3,8,2,0,4,18,0.75,0.0,0.0,8,0,3,0,0,5,8,0,0,0,5,0,0,0,0,5,3,0,3,37,7,0,0,0,0,2,0,7,1,5,0,0,0,0,25,24,0
C:\Users\Okan\Desktop\KOU YL YM\Yazılım Mimarisi ve Tasarım Yöntemleri\Proje\Sürümler\jsoup-jsoup-1.19.1\jsoup-jsoup-1.19.1\src\main\java\org\jsoup\helper\UrlConnectionExecutor.java,org.jsoup.helper.UrlConnectionExecutor,class,10,12,2,10,24,2,0,45,0,0.16666667,0.0,0.0,6,2,0,2,0,4,4,0,0,0,1,0,0,0,0,1,0,0,6,78,4,3,10,2,2,1,2,19,1,11,3,0,0,0,62,0,0
C:\Users\Okan\Desktop\KOU YL YM\Yazılım Mimarisi ve Tasarım Yöntemleri\Proje\Sürümler\jsoup-jsoup-1.19.1\jsoup-jsoup-1.19.1\src\main\java\org\jsoup\select\Evaluator.java,org.jsoup.select.Evaluator$TagEndsWith,innerclass,2,2,0,2,3,2,0,3,0,0.0,0.0,0.0,3,0,3,0,0,0,3,0,0,0,1,0,0,1,0,0,1,0,1,12,2,0,0,0,1,1,0,1,0,1,0,0,0,0,18,25,0
C:\Users\Okan\Desktop\KOU YL YM\Yazılım Mimarisi ve Tasarım Yöntemleri\Proje\Sürümler\jsoup-jsoup-1.19.1\jsoup-jsoup-1.19.1\src\main\java\org\jsoup\helper\CookieUtil.java,org.jsoup.helper.CookieUtil,class,9,12,3,9,20,1,0,30,10,0.8,0.0,0.0,5,5,0,1,0,4,4,0,0,0,4,4,0,4,0,0,4,0,7,66,3,4,4,1,0,7,3,21,1,19,3,0,0,0,78,0,0
C:\Users\Okan\Desktop\KOU YL YM\Yazılım Mimarisi ve Tasarım Yöntemleri\Proje\Sürümler\jsoup-jsoup-1.19.1\jsoup-jsoup-1.19.1\src\main\java\org\jsoup\nodes\Element.java,org.jsoup.nodes.Element$TextAccumulator,innerclass,5,5,0,5,15,1,0,8,0,0.0,0.0,0.0,3,0,3,0,0,0,3,0,0,0,1,0,0,1,0,0,1,0,3,23,0,0,0,0,3,1,1,5,0,5,2,0,0,0,21,10,0
C:\Users\Okan\Desktop\KOU YL YM\Yazılım Mimarisi ve Tasarım Yöntemleri\Proje\Sürümler\jsoup-jsoup-1.19.1\jsoup-jsoup-1.19.1\src\main\java\org\jsoup\select\Evaluator.java,org.jsoup.select.Evaluator$Tag,innerclass,3,3,0,3,4,2,0,2,0,0.25,0.0,0.0,4,0,3,0,1,0,4,0,0,0,1,0,0,1,0,0,1,0,1,15,3,0,0,0,1,1,1,1,0,1,0,0,0,0,11,25,0
C:\Users\Okan\Desktop\KOU YL YM\Yazılım Mimarisi ve Tasarım Yöntemleri\Proje\Sürümler\jsoup-jsoup-1.19.1\jsoup-jsoup-1.19.1\src\main\java\org\jsoup\nodes\Document.java,org.jsoup.nodes.Document$OutputSettings$Syntax,enum,0,0,0,0,0,1,0,0,0,0.0,-1.0,-1.0,0,0,0,0,0,0,0,0,0,0,0,0,0,0,0,0,0,0,0,1,0,0,0,0,0,0,0,0,0,0,0,0,0,0,6,1,0
C:\Users\Okan\Desktop\KOU YL YM\Yazılım Mimarisi ve Tasarım Yöntemleri\Proje\Sürümler\jsoup-jsoup-1.19.1\jsoup-jsoup-1.19.1\src\main\java\org\jsoup\internal\StringUtil.java,org.jsoup.internal.StringUtil,class,5,52,47,5,71,1,0,52,219,0.91558444,0.0,0.0,22,22,21,1,0,0,21,0,0,0,7,7,0,6,0,1,7,0,27,186,34,7,22,2,1,31,23,41,3,32,3,0,1,3,243,17,0
C:\Users\Okan\Desktop\KOU YL YM\Yazılım Mimarisi ve Tasarım Yöntemleri\Proje\Sürümler\jsoup-jsoup-1.19.1\jsoup-jsoup-1.19.1\src\main\java\org\jsoup\parser\TokeniserState.java,org.jsoup.parser.TokeniserState$Anonymous24,anonymous,2,2,0,2,6,1,0,6,0,0.0,NaN,NaN,1,0,0,0,0,1,1,0,0,0,0,0,0,0,0,0,0,0,0,25,1,0,0,0,0,0,0,1,0,1,1,0,0,0,13,-1,1
C:\Users\Okan\Desktop\KOU YL YM\Yazılım Mimarisi ve Tasarım Yöntemleri\Proje\Sürümler\jsoup-jsoup-1.19.1\jsoup-jsoup-1.19.1\src\main\java\org\jsoup\parser\TokeniserState.java,org.jsoup.parser.TokeniserState$Anonymous25,anonymous,2,2,0,2,3,1,0,9,0,0.0,NaN,NaN,1,0,0,0,0,1,1,0,0,0,0,0,0,0,0,0,0,0,0,19,0,0,0,0,0,1,0,0,0,0,1,0,0,0,14,-1,0
C:\Users\Okan\Desktop\KOU YL YM\Yazılım Mimarisi ve Tasarım Yöntemleri\Proje\Sürümler\jsoup-jsoup-1.19.1\jsoup-jsoup-1.19.1\src\main\java\org\jsoup\parser\TokeniserState.java,org.jsoup.parser.TokeniserState$Anonymous26,anonymous,3,3,0,3,2,1,0,8,0,0.0,NaN,NaN,1,0,0,0,0,1,1,0,0,0,0,0,0,0,0,0,0,0,0,14,0,0,0,0,0,1,0,0,0,0,1,0,0,0,12,-1,0
C:\Users\Okan\Desktop\KOU YL YM\Yazılım Mimarisi ve Tasarım Yöntemleri\Proje\Sürümler\jsoup-jsoup-1.19.1\jsoup-jsoup-1.19.1\src\main\java\org\jsoup\parser\TokeniserState.java,org.jsoup.parser.TokeniserState$Anonymous27,anonymous,3,3,0,3,1,1,0,1,0,0.0,NaN,NaN,1,0,0,0,0,1,1,0,0,0,0,0,0,0,0,0,0,0,1,5,0,0,0,0,0,0,0,0,0,0,0,0,0,0,9,-1,0
C:\Users\Okan\Desktop\KOU YL YM\Yazılım Mimarisi ve Tasarım Yöntemleri\Proje\Sürümler\jsoup-jsoup-1.19.1\jsoup-jsoup-1.19.1\src\main\java\org\jsoup\parser\TokeniserState.java,org.jsoup.parser.TokeniserState$Anonymous20,anonymous,2,2,0,2,2,1,0,4,0,0.0,NaN,NaN,1,0,0,0,0,1,1,0,0,0,0,0,0,0,0,0,0,0,0,11,0,0,0,0,0,0,0,0,0,0,1,0,0,0,10,-1,0
C:\Users\Okan\Desktop\KOU YL YM\Yazılım Mimarisi ve Tasarım Yöntemleri\Proje\Sürümler\jsoup-jsoup-1.19.1\jsoup-jsoup-1.19.1\src\main\java\org\jsoup\parser\TokeniserState.java,org.jsoup.parser.TokeniserState$Anonymous21,anonymous,2,2,0,2,2,1,0,4,0,0.0,NaN,NaN,1,0,0,0,0,1,1,0,0,0,0,0,0,0,0,0,0,0,0,11,0,0,0,0,0,0,0,0,0,0,1,0,0,0,9,-1,0
C:\Users\Okan\Desktop\KOU YL YM\Yazılım Mimarisi ve Tasarım Yöntemleri\Proje\Sürümler\jsoup-jsoup-1.19.1\jsoup-jsoup-1.19.1\src\main\java\org\jsoup\parser\TokeniserState.java,org.jsoup.parser.TokeniserState$Anonymous22,anonymous,2,2,0,2,5,1,0,10,0,0.0,NaN,NaN,1,0,0,0,0,1,1,0,0,0,0,0,0,0,0,0,0,0,0,22,1,0,0,0,0,0,0,1,0,1,1,0,0,0,14,-1,1
C:\Users\Okan\Desktop\KOU YL YM\Yazılım Mimarisi ve Tasarım Yöntemleri\Proje\Sürümler\jsoup-jsoup-1.19.1\jsoup-jsoup-1.19.1\src\main\java\org\jsoup\parser\Tokeniser.java,org.jsoup.parser.Tokeniser,class,23,99,76,23,84,1,0,65,177,0.89743584,0.0,0.0,30,0,0,1,0,29,30,0,0,0,25,4,0,13,0,12,17,0,14,277,21,2,23,1,3,16,60,66,5,45,5,0,0,0,147,16,0
C:\Users\Okan\Desktop\KOU YL YM\Yazılım Mimarisi ve Tasarım Yöntemleri\Proje\Sürümler\jsoup-jsoup-1.19.1\jsoup-jsoup-1.19.1\src\main\java\org\jsoup\parser\TokeniserState.java,org.jsoup.parser.TokeniserState$Anonymous23,anonymous,2,2,0,2,5,1,0,6,0,0.0,NaN,NaN,1,0,0,0,0,1,1,0,0,0,0,0,0,0,0,0,0,0,0,23,1,0,0,0,0,0,0,1,0,1,1,0,0,0,14,-1,1
C:\Users\Okan\Desktop\KOU YL YM\Yazılım Mimarisi ve Tasarım Yöntemleri\Proje\Sürümler\jsoup-jsoup-1.19.1\jsoup-jsoup-1.19.1\src\main\java\org\jsoup\nodes\Comment.java,org.jsoup.nodes.Comment,class,13,21,8,13,18,3,0,29,45,0.0,0.0,0.0,10,1,7,1,0,2,9,0,0,0,0,0,0,0,0,0,0,0,4,45,8,0,0,0,6,8,5,8,2,7,1,0,0,0,79,1,0
C:\Users\Okan\Desktop\KOU YL YM\Yazılım Mimarisi ve Tasarım Yöntemleri\Proje\Sürümler\jsoup-jsoup-1.19.1\jsoup-jsoup-1.19.1\src\main\java\org\jsoup\select\Evaluator.java,org.jsoup.select.Evaluator$IndexGreaterThan,innerclass,2,2,0,2,4,3,0,2,3,0.0,0.0,0.0,3,0,3,0,0,0,3,0,0,0,0,0,0,0,0,0,0,0,1,11,2,0,0,0,0,1,0,0,0,0,0,0,0,0,16,25,0
C:\Users\Okan\Desktop\KOU YL YM\Yazılım Mimarisi ve Tasarım Yöntemleri\Proje\Sürümler\jsoup-jsoup-1.19.1\jsoup-jsoup-1.19.1\src\main\java\org\jsoup\nodes\LeafNode.java,org.jsoup.nodes.LeafNode,class,4,13,9,4,25,2,5,16,81,0.5,0.0,0.0,18,0,10,1,5,2,17,0,2,0,1,0,0,0,0,1,0,0,1,78,14,0,1,0,1,2,1,8,0,4,1,0,0,0,43,1025,0
C:\Users\Okan\Desktop\KOU YL YM\Yazılım Mimarisi ve Tasarım Yöntemleri\Proje\Sürümler\jsoup-jsoup-1.19.1\jsoup-jsoup-1.19.1\src\main\java\org\jsoup\parser\TokeniserState.java,org.jsoup.parser.TokeniserState$Anonymous28,anonymous,3,3,0,3,1,1,0,1,0,0.0,NaN,NaN,1,0,0,0,0,1,1,0,0,0,0,0,0,0,0,0,0,0,1,5,0,0,0,0,0,0,0,0,0,0,0,0,0,0,10,-1,0
C:\Users\Okan\Desktop\KOU YL YM\Yazılım Mimarisi ve Tasarım Yöntemleri\Proje\Sürümler\jsoup-jsoup-1.19.1\jsoup-jsoup-1.19.1\src\main\java\org\jsoup\parser\TokeniserState.java,org.jsoup.parser.TokeniserState$Anonymous29,anonymous,2,2,0,2,5,1,0,9,0,0.0,NaN,NaN,1,0,0,0,0,1,1,0,0,0,0,0,0,0,0,0,0,0,0,22,0,0,0,0,0,0,0,2,0,2,1,0,0,0,16,-1,1
C:\Users\Okan\Desktop\KOU YL YM\Yazılım Mimarisi ve Tasarım Yöntemleri\Proje\Sürümler\jsoup-jsoup-1.19.1\jsoup-jsoup-1.19.1\src\main\java\org\jsoup\helper\RequestAuthenticator.java,org.jsoup.helper.RequestAuthenticator$Context,innerclass,0,0,0,0,9,1,0,1,5,0.61904764,0.0,0.0,7,0,6,0,0,1,7,0,0,0,3,0,0,3,0,0,3,0,0,28,6,0,2,0,0,0,0,3,0,3,0,0,0,0,45,0,0
C:\Users\Okan\Desktop\KOU YL YM\Yazılım Mimarisi ve Tasarım Yöntemleri\Proje\Sürümler\jsoup-jsoup-1.19.1\jsoup-jsoup-1.19.1\src\main\java\org\jsoup\select\Selector.java,org.jsoup.select.Selector,class,9,12,3,9,16,5,0,12,36,0.0,0.0,0.0,9,8,7,1,0,1,8,0,0,0,0,0,0,0,0,0,0,0,23,72,9,4,1,0,0,0,0,8,0,7,3,0,1,0,311,1,0
C:\Users\Okan\Desktop\KOU YL YM\Yazılım Mimarisi ve Tasarım Yöntemleri\Proje\Sürümler\jsoup-jsoup-1.19.1\jsoup-jsoup-1.19.1\src\main\java\org\jsoup\select\Evaluator.java,org.jsoup.select.Evaluator$AttributeWithValueEnding,innerclass,4,4,0,4,4,3,0,5,6,0.0,0.0,0.0,4,0,3,0,1,0,4,0,0,0,0,0,0,0,0,0,0,0,2,14,3,0,0,0,0,1,1,0,0,0,0,0,0,0,21,25,0
C:\Users\Okan\Desktop\KOU YL YM\Yazılım Mimarisi ve Tasarım Yöntemleri\Proje\Sürümler\jsoup-jsoup-1.19.1\jsoup-jsoup-1.19.1\src\main\java\org\jsoup\select\StructuralEvaluator.java,org.jsoup.select.StructuralEvaluator$ImmediatePreviousSibling,innerclass,3,3,0,3,6,3,0,4,6,0.0,0.0,0.0,4,0,3,0,1,0,4,0,0,0,0,0,0,0,0,0,0,0,1,16,4,0,2,0,0,1,1,1,1,1,1,0,0,0,18,8,0
C:\Users\Okan\Desktop\KOU YL YM\Yazılım Mimarisi ve Tasarım Yöntemleri\Proje\Sürümler\jsoup-jsoup-1.19.1\jsoup-jsoup-1.19.1\src\main\java\org\jsoup\parser\TokeniserState.java,org.jsoup.parser.TokeniserState$Anonymous30,anonymous,2,2,0,2,5,1,0,5,0,0.0,NaN,NaN,1,0,0,0,0,1,1,0,0,0,0,0,0,0,0,0,0,0,0,22,0,0,0,0,0,0,0,1,0,1,1,0,0,0,15,-1,1
C:\Users\Okan\Desktop\KOU YL YM\Yazılım Mimarisi ve Tasarım Yöntemleri\Proje\Sürümler\jsoup-jsoup-1.19.1\jsoup-jsoup-1.19.1\src\main\java\org\jsoup\safety\Safelist.java,org.jsoup.safety.Safelist$AttributeValue,innerclass,2,2,0,2,2,2,0,0,1,0.0,0.0,0.0,2,1,0,0,0,2,2,0,0,0,0,0,0,0,0,0,0,0,0,8,1,0,0,0,0,0,0,0,0,0,0,0,0,0,5,8,0
C:\Users\Okan\Desktop\KOU YL YM\Yazılım Mimarisi ve Tasarım Yöntemleri\Proje\Sürümler\jsoup-jsoup-1.19.1\jsoup-jsoup-1.19.1\src\main\java\org\jsoup\helper\HttpConnection.java,org.jsoup.helper.HttpConnection$KeyVal,innerclass,4,4,0,4,14,1,0,4,10,0.65384614,0.0,0.0,13,2,12,1,0,0,12,0,0,0,4,0,0,4,0,0,0,0,6,56,12,0,1,0,0,6,0,6,1,4,0,0,0,0,15,9,0
C:\Users\Okan\Desktop\KOU YL YM\Yazılım Mimarisi ve Tasarım Yöntemleri\Proje\Sürümler\jsoup-jsoup-1.19.1\jsoup-jsoup-1.19.1\src\main\java\org\jsoup\parser\HtmlTreeBuilderState.java,org.jsoup.parser.HtmlTreeBuilderState$Anonymous5,anonymous,8,8,0,8,16,1,0,18,1,0.0,NaN,NaN,2,0,0,1,0,1,1,0,0,0,0,0,0,0,0,0,0,0,3,33,7,0,0,0,2,3,0,0,0,0,1,0,0,0,17,-1,3
C:\Users\Okan\Desktop\KOU YL YM\Yazılım Mimarisi ve Tasarım Yöntemleri\Proje\Sürümler\jsoup-jsoup-1.19.1\jsoup-jsoup-1.19.1\src\main\java\org\jsoup\parser\TokeniserState.java,org.jsoup.parser.TokeniserState$Anonymous35,anonymous,4,4,0,4,16,1,0,9,0,0.0,NaN,NaN,1,0,0,0,0,1,1,0,0,0,0,0,0,0,0,0,0,0,0,31,0,0,1,0,0,0,0,4,0,3,2,0,0,0,22,-1,1
C:\Users\Okan\Desktop\KOU YL YM\Yazılım Mimarisi ve Tasarım Yöntemleri\Proje\Sürümler\jsoup-jsoup-1.19.1\jsoup-jsoup-1.19.1\src\main\java\org\jsoup\parser\HtmlTreeBuilderState.java,org.jsoup.parser.HtmlTreeBuilderState$Anonymous4,anonymous,12,12,0,12,23,1,0,35,1,0.0,NaN,NaN,2,0,0,1,0,1,1,0,0,0,0,0,0,0,0,0,0,0,6,91,10,0,0,0,0,12,0,5,0,4,4,0,0,0,30,-1,5
C:\Users\Okan\Desktop\KOU YL YM\Yazılım Mimarisi ve Tasarım Yöntemleri\Proje\Sürümler\jsoup-jsoup-1.19.1\jsoup-jsoup-1.19.1\src\main\java\org\jsoup\parser\TokeniserState.java,org.jsoup.parser.TokeniserState$Anonymous36,anonymous,3,3,0,3,14,1,0,9,0,0.0,NaN,NaN,1,0,0,0,0,1,1,0,0,0,0,0,0,0,0,0,0,0,0,30,0,0,0,0,0,0,2,1,2,1,1,0,0,0,15,-1,2
C:\Users\Okan\Desktop\KOU YL YM\Yazılım Mimarisi ve Tasarım Yöntemleri\Proje\Sürümler\jsoup-jsoup-1.19.1\jsoup-jsoup-1.19.1\src\main\java\org\jsoup\parser\HtmlTreeBuilderState.java,org.jsoup.parser.HtmlTreeBuilderState$Anonymous7,anonymous,18,18,0,18,206,1,0,95,10,0.8,0.0,0.0,5,0,0,3,0,2,2,0,0,0,1,1,0,1,0,0,1,0,24,549,41,10,21,0,2,127,28,57,9,41,4,0,0,0,79,-1,43
C:\Users\Okan\Desktop\KOU YL YM\Yazılım Mimarisi ve Tasarım Yöntemleri\Proje\Sürümler\jsoup-jsoup-1.19.1\jsoup-jsoup-1.19.1\src\main\java\org\jsoup\parser\TokeniserState.java,org.jsoup.parser.TokeniserState$Anonymous37,anonymous,3,3,0,3,15,1,0,8,0,0.0,NaN,NaN,1,0,0,0,0,1,1,0,0,0,0,0,0,0,0,0,0,0,0,33,0,0,0,0,0,0,2,1,2,1,1,0,0,0,13,-1,3
C:\Users\Okan\Desktop\KOU YL YM\Yazılım Mimarisi ve Tasarım Yöntemleri\Proje\Sürümler\jsoup-jsoup-1.19.1\jsoup-jsoup-1.19.1\src\main\java\org\jsoup\parser\HtmlTreeBuilderState.java,org.jsoup.parser.HtmlTreeBuilderState$Anonymous6,anonymous,9,9,0,9,14,1,0,25,1,0.0,NaN,NaN,2,0,0,1,0,1,1,0,0,0,0,0,0,0,0,0,0,0,3,65,5,0,0,0,0,6,0,4,0,4,2,0,0,0,23,-1,4
C:\Users\Okan\Desktop\KOU YL YM\Yazılım Mimarisi ve Tasarım Yöntemleri\Proje\Sürümler\jsoup-jsoup-1.19.1\jsoup-jsoup-1.19.1\src\main\java\org\jsoup\parser\TokeniserState.java,org.jsoup.parser.TokeniserState$Anonymous38,anonymous,4,4,0,4,7,1,0,12,0,0.0,NaN,NaN,1,0,0,0,0,1,1,0,0,0,0,0,0,0,0,0,0,0,0,25,0,0,1,0,0,0,1,5,0,4,2,0,0,0,16,-1,1
C:\Users\Okan\Desktop\KOU YL YM\Yazılım Mimarisi ve Tasarım Yöntemleri\Proje\Sürümler\jsoup-jsoup-1.19.1\jsoup-jsoup-1.19.1\src\main\java\org\jsoup\parser\HtmlTreeBuilderState.java,org.jsoup.parser.HtmlTreeBuilderState$Anonymous1,anonymous,9,9,0,9,7,1,0,23,0,0.0,NaN,NaN,1,0,0,0,0,1,1,0,0,0,0,0,0,0,0,0,0,0,1,25,3,0,0,0,0,2,0,2,0,2,2,0,0,0,15,-1,0
C:\Users\Okan\Desktop\KOU YL YM\Yazılım Mimarisi ve Tasarım Yöntemleri\Proje\Sürümler\jsoup-jsoup-1.19.1\jsoup-jsoup-1.19.1\src\main\java\org\jsoup\parser\TokeniserState.java,org.jsoup.parser.TokeniserState$Anonymous31,anonymous,2,2,0,2,6,1,0,5,0,0.0,NaN,NaN,1,0,0,0,0,1,1,0,0,0,0,0,0,0,0,0,0,0,0,24,0,0,0,0,0,0,0,1,0,1,1,0,0,0,14,-1,1
C:\Users\Okan\Desktop\KOU YL YM\Yazılım Mimarisi ve Tasarım Yöntemleri\Proje\Sürümler\jsoup-jsoup-1.19.1\jsoup-jsoup-1.19.1\src\main\java\org\jsoup\parser\TokeniserState.java,org.jsoup.parser.TokeniserState$Anonymous32,anonymous,2,2,0,2,2,1,0,5,0,0.0,NaN,NaN,1,0,0,0,0,1,1,0,0,0,0,0,0,0,0,0,0,0,0,12,0,0,0,0,0,0,0,0,0,0,1,0,0,0,11,-1,0
C:\Users\Okan\Desktop\KOU YL YM\Yazılım Mimarisi ve Tasarım Yöntemleri\Proje\Sürümler\jsoup-jsoup-1.19.1\jsoup-jsoup-1.19.1\src\main\java\org\jsoup\parser\HtmlTreeBuilderState.java,org.jsoup.parser.HtmlTreeBuilderState$Anonymous3,anonymous,7,7,0,7,11,1,0,21,0,0.0,NaN,NaN,1,0,0,0,0,1,1,0,0,0,0,0,0,0,0,0,0,0,2,35,6,0,0,0,1,4,0,1,0,1,1,0,0,0,17,-1,2
C:\Users\Okan\Desktop\KOU YL YM\Yazılım Mimarisi ve Tasarım Yöntemleri\Proje\Sürümler\jsoup-jsoup-1.19.1\jsoup-jsoup-1.19.1\src\main\java\org\jsoup\parser\TokeniserState.java,org.jsoup.parser.TokeniserState$Anonymous33,anonymous,3,3,0,3,1,1,0,1,0,0.0,NaN,NaN,1,0,0,0,0,1,1,0,0,0,0,0,0,0,0,0,0,0,1,5,0,0,0,0,0,0,0,0,0,0,0,0,0,0,10,-1,0
C:\Users\Okan\Desktop\KOU YL YM\Yazılım Mimarisi ve Tasarım Yöntemleri\Proje\Sürümler\jsoup-jsoup-1.19.1\jsoup-jsoup-1.19.1\src\main\java\org\jsoup\parser\HtmlTreeBuilderState.java,org.jsoup.parser.HtmlTreeBuilderState$Anonymous2,anonymous,7,7,0,7,10,1,0,20,1,0.0,NaN,NaN,2,0,0,1,0,1,1,0,0,0,0,0,0,0,0,0,0,0,2,34,6,0,0,0,1,2,0,0,0,0,1,0,0,0,17,-1,2
C:\Users\Okan\Desktop\KOU YL YM\Yazılım Mimarisi ve Tasarım Yöntemleri\Proje\Sürümler\jsoup-jsoup-1.19.1\jsoup-jsoup-1.19.1\src\main\java\org\jsoup\parser\TokeniserState.java,org.jsoup.parser.TokeniserState$Anonymous34,anonymous,4,4,0,4,15,1,0,9,0,0.0,NaN,NaN,1,0,0,0,0,1,1,0,0,0,0,0,0,0,0,0,0,0,0,30,0,0,0,0,0,0,1,1,1,1,2,0,0,0,13,-1,2
C:\Users\Okan\Desktop\KOU YL YM\Yazılım Mimarisi ve Tasarım Yöntemleri\Proje\Sürümler\jsoup-jsoup-1.19.1\jsoup-jsoup-1.19.1\src\main\java\org\jsoup\parser\HtmlTreeBuilderState.java,org.jsoup.parser.HtmlTreeBuilderState$Anonymous9,anonymous,10,10,0,10,29,1,0,38,1,0.0,0.0,0.0,2,0,0,0,0,2,2,0,0,0,0,0,0,0,0,0,0,0,5,121,20,0,1,0,1,15,0,4,0,4,4,0,0,0,25,-1,7
C:\Users\Okan\Desktop\KOU YL YM\Yazılım Mimarisi ve Tasarım Yöntemleri\Proje\Sürümler\jsoup-jsoup-1.19.1\jsoup-jsoup-1.19.1\src\main\java\org\jsoup\parser\TokeniserState.java,org.jsoup.parser.TokeniserState$Anonymous39,anonymous,4,4,0,4,7,1,0,12,0,0.0,NaN,NaN,1,0,0,0,0,1,1,0,0,0,0,0,0,0,0,0,0,0,0,25,0,0,1,0,0,0,1,5,0,4,2,0,0,0,16,-1,1
C:\Users\Okan\Desktop\KOU YL YM\Yazılım Mimarisi ve Tasarım Yöntemleri\Proje\Sürümler\jsoup-jsoup-1.19.1\jsoup-jsoup-1.19.1\src\main\java\org\jsoup\parser\HtmlTreeBuilderState.java,org.jsoup.parser.HtmlTreeBuilderState$Anonymous8,anonymous,3,3,0,3,4,1,0,10,0,0.0,NaN,NaN,1,0,0,0,0,1,1,0,0,0,0,0,0,0,0,0,0,0,0,18,2,0,0,0,0,0,0,0,0,0,1,0,0,0,8,-1,1
C:\Users\Okan\Desktop\KOU YL YM\Yazılım Mimarisi ve Tasarım Yöntemleri\Proje\Sürümler\jsoup-jsoup-1.19.1\jsoup-jsoup-1.19.1\src\main\java\org\jsoup\nodes\Node.java,org.jsoup.nodes.Node,class,19,69,50,19,150,1,2,93,2245,0.87666667,0.0,0.0,75,1,53,3,15,4,72,10,2,0,4,2,0,0,0,4,2,0,44,432,72,13,41,1,9,8,31,68,8,54,3,0,1,0,394,1025,0
C:\Users\Okan\Desktop\KOU YL YM\Yazılım Mimarisi ve Tasarım Yöntemleri\Proje\Sürümler\jsoup-jsoup-1.19.1\jsoup-jsoup-1.19.1\src\main\java\org\jsoup\safety\Safelist.java,org.jsoup.safety.Safelist$TypedValue,innerclass,2,2,0,2,7,1,0,4,0,0.0,0.0,0.0,4,0,3,0,0,1,4,0,0,0,1,0,0,1,0,0,1,0,2,19,5,0,3,0,0,0,0,2,0,2,1,0,0,0,16,1032,0
C:\Users\Okan\Desktop\KOU YL YM\Yazılım Mimarisi ve Tasarım Yöntemleri\Proje\Sürümler\jsoup-jsoup-1.19.1\jsoup-jsoup-1.19.1\src\main\java\org\jsoup\parser\HtmlTreeBuilderState.java,org.jsoup.parser.HtmlTreeBuilderState,enum,11,28,17,11,10,1,0,16,10,0.8,NaN,NaN,5,4,0,4,0,1,1,1,0,0,1,1,0,1,0,0,1,0,2,1744,3,1,0,0,0,0,0,4,0,4,3,24,1,0,115,0,0
C:\Users\Okan\Desktop\KOU YL YM\Yazılım Mimarisi ve Tasarım Yöntemleri\Proje\Sürümler\jsoup-jsoup-1.19.1\jsoup-jsoup-1.19.1\src\main\java\org\jsoup\helper\DataUtil.java,org.jsoup.helper.DataUtil$CharsetDoc,innerclass,2,2,0,2,1,1,0,0,0,0.0,NaN,NaN,1,0,0,0,0,1,1,0,0,0,3,0,0,0,0,3,0,0,0,10,0,0,0,0,0,0,0,3,0,3,0,0,0,0,17,8,0
C:\Users\Okan\Desktop\KOU YL YM\Yazılım Mimarisi ve Tasarım Yöntemleri\Proje\Sürümler\jsoup-jsoup-1.19.1\jsoup-jsoup-1.19.1\src\main\java\org\jsoup\helper\AuthenticationHandler.java,org.jsoup.helper.AuthenticationHandler,class,6,9,3,6,9,2,0,8,1,0.5833334,0.0,0.0,3,0,1,0,0,2,4,0,1,0,4,2,0,0,0,4,1,0,1,53,4,0,2,1,0,1,2,9,0,8,1,0,2,0,55,0,0
C:\Users\Okan\Desktop\KOU YL YM\Yazılım Mimarisi ve Tasarım Yöntemleri\Proje\Sürümler\jsoup-jsoup-1.19.1\jsoup-jsoup-1.19.1\src\main\java\org\jsoup\select\Evaluator.java,org.jsoup.select.Evaluator$AttributeStarting,innerclass,6,6,0,6,6,2,0,7,0,0.25,0.0,0.0,4,0,3,0,1,0,4,0,0,0,1,0,0,1,0,0,1,0,4,20,4,1,0,0,0,1,1,2,0,2,2,0,0,0,20,25,0
C:\Users\Okan\Desktop\KOU YL YM\Yazılım Mimarisi ve Tasarım Yöntemleri\Proje\Sürümler\jsoup-jsoup-1.19.1\jsoup-jsoup-1.19.1\src\main\java\org\jsoup\parser\TokeniserState.java,org.jsoup.parser.TokeniserState$Anonymous40,anonymous,4,4,0,4,17,1,0,12,0,0.0,NaN,NaN,1,0,0,0,0,1,1,0,0,0,0,0,0,0,0,0,0,0,0,30,0,0,1,0,0,0,1,5,0,4,2,0,0,0,17,-1,2
C:\Users\Okan\Desktop\KOU YL YM\Yazılım Mimarisi ve Tasarım Yöntemleri\Proje\Sürümler\jsoup-jsoup-1.19.1\jsoup-jsoup-1.19.1\src\main\java\org\jsoup\nodes\DataNode.java,org.jsoup.nodes.DataNode,class,4,10,6,4,11,3,0,8,21,0.0,0.0,0.0,7,0,5,0,0,2,7,0,0,0,0,0,0,0,0,0,0,0,0,31,4,0,1,0,0,10,0,1,0,1,3,0,0,0,50,1,0
C:\Users\Okan\Desktop\KOU YL YM\Yazılım Mimarisi ve Tasarım Yöntemleri\Proje\Sürümler\jsoup-jsoup-1.19.1\jsoup-jsoup-1.19.1\src\main\java\org\jsoup\parser\TokeniserState.java,org.jsoup.parser.TokeniserState$Anonymous41,anonymous,2,2,0,2,9,1,0,6,0,0.0,NaN,NaN,1,0,0,0,0,1,1,0,0,0,0,0,0,0,0,0,0,0,0,20,0,0,0,0,0,0,0,1,0,1,1,0,0,0,14,-1,1
C:\Users\Okan\Desktop\KOU YL YM\Yazılım Mimarisi ve Tasarım Yöntemleri\Proje\Sürümler\jsoup-jsoup-1.19.1\jsoup-jsoup-1.19.1\src\main\java\org\jsoup\nodes\Attributes.java,org.jsoup.nodes.Attributes,class,13,40,27,13,106,2,0,52,367,0.8268733,0.0,0.0,43,4,30,5,0,8,38,0,1,0,9,6,0,4,1,4,6,0,31,359,46,9,36,2,3,4,26,72,13,53,3,1,1,0,274,1,0
C:\Users\Okan\Desktop\KOU YL YM\Yazılım Mimarisi ve Tasarım Yöntemleri\Proje\Sürümler\jsoup-jsoup-1.19.1\jsoup-jsoup-1.19.1\src\main\java\org\jsoup\helper\W3CDom.java,org.jsoup.helper.W3CDom,class,19,21,2,19,39,1,0,57,135,0.8888889,0.0,0.0,18,6,16,1,0,1,17,0,0,0,6,4,2,3,1,0,4,0,21,244,15,1,7,4,2,12,1,35,0,32,4,0,1,0,201,1,0
C:\Users\Okan\Desktop\KOU YL YM\Yazılım Mimarisi ve Tasarım Yöntemleri\Proje\Sürümler\jsoup-jsoup-1.19.1\jsoup-jsoup-1.19.1\src\main\java\org\jsoup\parser\XmlTreeBuilder.java,org.jsoup.parser.XmlTreeBuilder,class,25,28,3,25,35,2,0,51,105,0.93333334,0.0,0.0,15,0,1,0,3,11,15,0,0,0,1,1,0,1,0,0,1,0,1,103,8,2,5,0,0,1,6,20,5,17,2,0,0,0,104,1,0
C:\Users\Okan\Desktop\KOU YL YM\Yazılım Mimarisi ve Tasarım Yöntemleri\Proje\Sürümler\jsoup-jsoup-1.19.1\jsoup-jsoup-1.19.1\src\main\java\org\jsoup\helper\RequestExecutor.java,org.jsoup.helper.RequestExecutor,class,3,6,3,3,4,1,1,0,6,0.75,0.0,0.0,4,0,0,0,0,4,4,3,0,0,2,0,0,0,0,2,2,0,0,11,0,0,0,0,0,0,0,2,0,2,0,0,0,0,34,1024,0
C:\Users\Okan\Desktop\KOU YL YM\Yazılım Mimarisi ve Tasarım Yöntemleri\Proje\Sürümler\jsoup-jsoup-1.19.1\jsoup-jsoup-1.19.1\src\main\java\org\jsoup\nodes\Document.java,org.jsoup.nodes.Document$OutputSettings,innerclass,4,4,0,4,21,1,0,9,102,0.8487395,0.0,0.0,17,0,17,0,0,0,17,0,0,0,7,0,0,7,0,0,0,0,4,80,16,0,1,1,0,0,4,16,0,8,1,0,1,0,156,9,0
C:\Users\Okan\Desktop\KOU YL YM\Yazılım Mimarisi ve Tasarım Yöntemleri\Proje\Sürümler\jsoup-jsoup-1.19.1\jsoup-jsoup-1.19.1\src\main\java\org\jsoup\select\CombiningEvaluator.java,org.jsoup.select.CombiningEvaluator,class,3,8,5,3,10,6,4,11,0,0.53571427,0.0,0.0,7,0,0,0,2,5,7,0,0,0,4,0,0,0,0,4,2,0,1,88,2,2,0,0,0,0,6,7,2,4,1,0,2,0,19,1025,0
C:\Users\Okan\Desktop\KOU YL YM\Yazılım Mimarisi ve Tasarım Yöntemleri\Proje\Sürümler\jsoup-jsoup-1.19.1\jsoup-jsoup-1.19.1\src\main\java\org\jsoup\select\Evaluator.java,org.jsoup.select.Evaluator$ContainsData,innerclass,3,3,0,3,3,2,0,4,0,0.0,0.0,0.0,3,0,3,0,0,0,3,0,0,0,1,0,0,1,0,0,1,0,3,12,2,0,0,0,0,1,0,1,0,1,0,0,0,0,17,25,0
C:\Users\Okan\Desktop\KOU YL YM\Yazılım Mimarisi ve Tasarım Yöntemleri\Proje\Sürümler\jsoup-jsoup-1.19.1\jsoup-jsoup-1.19.1\src\main\java\org\jsoup\internal\Normalizer.java,org.jsoup.internal.Normalizer,class,1,24,23,1,6,1,0,5,6,0.0,0.0,0.0,4,4,4,0,0,0,4,0,0,0,0,0,0,0,0,0,0,0,3,14,4,0,1,0,0,1,0,0,0,0,0,0,0,0,47,17,0
C:\Users\Okan\Desktop\KOU YL YM\Yazılım Mimarisi ve Tasarım Yöntemleri\Proje\Sürümler\jsoup-jsoup-1.19.1\jsoup-jsoup-1.19.1\src\main\java\org\jsoup\nodes\Attributes.java,org.jsoup.nodes.Attributes$Dataset$EntrySet,innerclass,1,1,0,1,3,3,0,1,1,0.0,0.0,0.0,2,0,2,0,0,0,2,0,0,0,0,0,0,0,0,0,0,0,0,11,2,1,0,0,0,0,1,2,0,2,1,0,0,0,8,2,0
C:\Users\Okan\Desktop\KOU YL YM\Yazılım Mimarisi ve Tasarım Yöntemleri\Proje\Sürümler\jsoup-jsoup-1.19.1\jsoup-jsoup-1.19.1\src\main\java\org\jsoup\nodes\Attributes.java,org.jsoup.nodes.Attributes$Dataset,innerclass,2,2,0,2,4,4,0,4,1,0.33333334,0.0,0.0,3,0,2,1,0,0,2,0,0,0,1,0,0,1,0,0,1,0,1,43,2,0,0,0,0,0,0,3,0,3,0,0,2,0,14,10,0
C:\Users\Okan\Desktop\KOU YL YM\Yazılım Mimarisi ve Tasarım Yöntemleri\Proje\Sürümler\jsoup-jsoup-1.19.1\jsoup-jsoup-1.19.1\src\main\java\org\jsoup\parser\TokeniserState.java,org.jsoup.parser.TokeniserState$Anonymous13,anonymous,4,4,0,4,13,1,0,12,1,0.0,NaN,NaN,2,0,0,1,0,1,1,0,0,0,0,0,0,0,0,0,0,0,0,32,1,0,0,0,0,1,0,2,0,2,2,0,0,0,18,-1,0
C:\Users\Okan\Desktop\KOU YL YM\Yazılım Mimarisi ve Tasarım Yöntemleri\Proje\Sürümler\jsoup-jsoup-1.19.1\jsoup-jsoup-1.19.1\src\main\java\org\jsoup\parser\TokeniserState.java,org.jsoup.parser.TokeniserState$Anonymous14,anonymous,2,2,0,2,2,1,0,5,0,0.0,NaN,NaN,1,0,0,0,0,1,1,0,0,0,0,0,0,0,0,0,0,0,0,12,0,0,0,0,0,0,0,0,0,0,1,0,0,0,9,-1,0
C:\Users\Okan\Desktop\KOU YL YM\Yazılım Mimarisi ve Tasarım Yöntemleri\Proje\Sürümler\jsoup-jsoup-1.19.1\jsoup-jsoup-1.19.1\src\main\java\org\jsoup\helper\Validate.java,org.jsoup.helper.Validate,class,3,53,50,3,36,1,0,4,171,0.0,0.0,0.0,19,18,17,1,0,1,18,0,0,0,0,0,0,0,0,0,0,0,6,61,3,1,12,0,0,8,3,0,0,0,2,0,0,0,95,17,0
C:\Users\Okan\Desktop\KOU YL YM\Yazılım Mimarisi ve Tasarım Yöntemleri\Proje\Sürümler\jsoup-jsoup-1.19.1\jsoup-jsoup-1.19.1\src\main\java\org\jsoup\parser\TokeniserState.java,org.jsoup.parser.TokeniserState$Anonymous15,anonymous,3,3,0,3,1,1,0,1,0,0.0,NaN,NaN,1,0,0,0,0,1,1,0,0,0,0,0,0,0,0,0,0,0,1,5,0,0,0,0,0,0,0,0,0,0,0,0,0,0,7,-1,0
C:\Users\Okan\Desktop\KOU YL YM\Yazılım Mimarisi ve Tasarım Yöntemleri\Proje\Sürümler\jsoup-jsoup-1.19.1\jsoup-jsoup-1.19.1\src\main\java\org\jsoup\parser\TokeniserState.java,org.jsoup.parser.TokeniserState$Anonymous16,anonymous,3,3,0,3,1,1,0,1,0,0.0,NaN,NaN,1,0,0,0,0,1,1,0,0,0,0,0,0,0,0,0,0,0,1,5,0,0,0,0,0,0,0,0,0,0,0,0,0,0,9,-1,0
C:\Users\Okan\Desktop\KOU YL YM\Yazılım Mimarisi ve Tasarım Yöntemleri\Proje\Sürümler\jsoup-jsoup-1.19.1\jsoup-jsoup-1.19.1\src\main\java\org\jsoup\select\StructuralEvaluator.java,org.jsoup.select.StructuralEvaluator$ImmediateParentRun,innerclass,3,3,0,3,11,2,0,8,0,0.33333334,0.0,0.0,6,0,3,0,2,1,6,0,0,0,2,0,0,0,0,2,1,0,1,34,6,2,2,0,0,1,3,7,1,4,2,0,0,0,44,8,0
C:\Users\Okan\Desktop\KOU YL YM\Yazılım Mimarisi ve Tasarım Yöntemleri\Proje\Sürümler\jsoup-jsoup-1.19.1\jsoup-jsoup-1.19.1\src\main\java\org\jsoup\parser\TokeniserState.java,org.jsoup.parser.TokeniserState$Anonymous10,anonymous,3,3,0,3,10,1,0,7,0,0.0,NaN,NaN,1,0,0,0,0,1,1,0,0,0,0,0,0,0,0,0,0,0,0,22,0,0,0,0,0,0,0,2,0,2,1,0,0,0,17,-1,0
C:\Users\Okan\Desktop\KOU YL YM\Yazılım Mimarisi ve Tasarım Yöntemleri\Proje\Sürümler\jsoup-jsoup-1.19.1\jsoup-jsoup-1.19.1\src\main\java\org\jsoup\parser\TokeniserState.java,org.jsoup.parser.TokeniserState$Anonymous11,anonymous,3,3,0,3,6,1,0,13,0,0.0,NaN,NaN,1,0,0,0,0,1,1,0,0,0,0,0,0,0,0,0,0,0,0,17,0,0,1,0,0,1,0,1,0,0,1,0,0,0,16,-1,0
C:\Users\Okan\Desktop\KOU YL YM\Yazılım Mimarisi ve Tasarım Yöntemleri\Proje\Sürümler\jsoup-jsoup-1.19.1\jsoup-jsoup-1.19.1\src\main\java\org\jsoup\parser\TokeniserState.java,org.jsoup.parser.TokeniserState$Anonymous12,anonymous,3,3,0,3,2,1,0,8,0,0.0,NaN,NaN,1,0,0,0,0,1,1,0,0,0,0,0,0,0,0,0,0,0,0,14,0,0,0,0,0,1,0,0,0,0,1,0,0,0,15,-1,0
C:\Users\Okan\Desktop\KOU YL YM\Yazılım Mimarisi ve Tasarım Yöntemleri\Proje\Sürümler\jsoup-jsoup-1.19.1\jsoup-jsoup-1.19.1\src\main\java\org\jsoup\select\StructuralEvaluator.java,org.jsoup.select.StructuralEvaluator$Is,innerclass,3,3,0,3,4,3,0,3,6,0.0,0.0,0.0,4,0,3,0,1,0,4,0,0,0,0,0,0,0,0,0,0,0,1,14,3,0,0,0,0,1,1,0,1,0,0,0,0,0,16,8,0
C:\Users\Okan\Desktop\KOU YL YM\Yazılım Mimarisi ve Tasarım Yöntemleri\Proje\Sürümler\jsoup-jsoup-1.19.1\jsoup-jsoup-1.19.1\src\main\java\org\jsoup\parser\TokeniserState.java,org.jsoup.parser.TokeniserState$Anonymous17,anonymous,2,2,0,2,4,1,0,6,0,0.0,NaN,NaN,1,0,0,0,0,1,1,0,0,0,0,0,0,0,0,0,0,0,0,19,0,0,0,0,0,3,0,0,0,0,1,0,0,0,12,-1,0
C:\Users\Okan\Desktop\KOU YL YM\Yazılım Mimarisi ve Tasarım Yöntemleri\Proje\Sürümler\jsoup-jsoup-1.19.1\jsoup-jsoup-1.19.1\src\main\java\org\jsoup\parser\TokeniserState.java,org.jsoup.parser.TokeniserState$Anonymous18,anonymous,3,3,0,3,1,1,0,1,0,0.0,NaN,NaN,1,0,0,0,0,1,1,0,0,0,0,0,0,0,0,0,0,0,1,5,0,0,0,0,0,0,0,0,0,0,0,0,0,0,7,-1,0
C:\Users\Okan\Desktop\KOU YL YM\Yazılım Mimarisi ve Tasarım Yöntemleri\Proje\Sürümler\jsoup-jsoup-1.19.1\jsoup-jsoup-1.19.1\src\main\java\org\jsoup\parser\TokeniserState.java,org.jsoup.parser.TokeniserState$Anonymous19,anonymous,3,3,0,3,1,1,0,1,0,0.0,NaN,NaN,1,0,0,0,0,1,1,0,0,0,0,0,0,0,0,0,0,0,1,5,0,0,0,0,0,0,0,0,0,0,0,0,0,0,9,-1,0
C:\Users\Okan\Desktop\KOU YL YM\Yazılım Mimarisi ve Tasarım Yöntemleri\Proje\Sürümler\jsoup-jsoup-1.19.1\jsoup-jsoup-1.19.1\src\main\java\org\jsoup\select\Evaluator.java,org.jsoup.select.Evaluator$CssNthEvaluator,innerclass,4,4,0,4,13,2,0,4,9,0.5,0.0,0.0,6,0,4,0,2,0,6,2,0,0,2,0,0,0,2,0,2,0,1,24,4,0,6,0,5,3,6,5,4,5,1,0,0,0,26,1033,0
C:\Users\Okan\Desktop\KOU YL YM\Yazılım Mimarisi ve Tasarım Yöntemleri\Proje\Sürümler\jsoup-jsoup-1.19.1\jsoup-jsoup-1.19.1\src\main\java\org\jsoup\parser\Token.java,org.jsoup.parser.Token$Comment,innerclass,2,2,0,2,10,2,0,8,1,0.52380955,0.0,0.0,7,0,1,1,0,5,6,0,0,0,3,0,0,2,0,1,1,0,1,42,5,0,3,0,0,2,1,6,1,3,1,0,0,0,15,24,0
C:\Users\Okan\Desktop\KOU YL YM\Yazılım Mimarisi ve Tasarım Yöntemleri\Proje\Sürümler\jsoup-jsoup-1.19.1\jsoup-jsoup-1.19.1\src\main\java\org\jsoup\select\Evaluator.java,org.jsoup.select.Evaluator$IsFirstOfType,innerclass,1,1,0,1,2,4,0,0,1,0.0,0.0,0.0,2,0,2,0,0,0,2,0,0,0,0,0,0,0,0,0,0,0,0,8,1,0,0,0,0,1,2,0,0,0,0,0,0,0,8,25,0
C:\Users\Okan\Desktop\KOU YL YM\Yazılım Mimarisi ve Tasarım Yöntemleri\Proje\Sürümler\jsoup-jsoup-1.19.1\jsoup-jsoup-1.19.1\src\main\java\org\jsoup\nodes\Element.java,org.jsoup.nodes.Element$NodeList,innerclass,3,3,0,3,2,5,0,1,0,0.0,0.0,0.0,2,0,1,0,0,1,2,0,0,0,1,0,0,1,0,0,1,0,0,10,0,0,0,0,0,0,0,1,0,1,0,0,0,0,9,26,0
C:\Users\Okan\Desktop\KOU YL YM\Yazılım Mimarisi ve Tasarım Yöntemleri\Proje\Sürümler\jsoup-jsoup-1.19.1\jsoup-jsoup-1.19.1\src\main\java\org\jsoup\parser\TokeniserState.java,org.jsoup.parser.TokeniserState$Anonymous68,anonymous,3,3,0,3,3,1,0,7,0,0.0,NaN,NaN,1,0,0,0,0,1,1,0,0,0,0,0,0,0,0,0,0,0,0,10,0,0,0,0,0,2,0,1,0,1,1,0,0,0,7,-1,0
C:\Users\Okan\Desktop\KOU YL YM\Yazılım Mimarisi ve Tasarım Yöntemleri\Proje\Sürümler\jsoup-jsoup-1.19.1\jsoup-jsoup-1.19.1\src\main\java\org\jsoup\examples\Wikipedia.java,org.jsoup.examples.Wikipedia,class,7,8,1,7,3,1,0,9,1,0.0,NaN,NaN,2,2,1,1,0,0,1,0,0,0,0,0,0,0,0,0,0,0,4,13,0,1,0,0,0,5,0,2,0,2,1,0,0,0,38,1,0
C:\Users\Okan\Desktop\KOU YL YM\Yazılım Mimarisi ve Tasarım Yöntemleri\Proje\Sürümler\jsoup-jsoup-1.19.1\jsoup-jsoup-1.19.1\src\main\java\org\jsoup\parser\ParseError.java,org.jsoup.parser.ParseError,class,1,5,4,1,8,1,0,4,0,0.29166666,0.0,0.0,8,0,4,0,0,4,8,0,0,0,3,0,0,3,0,0,3,0,4,37,4,0,0,0,0,2,0,12,1,3,0,0,0,0,42,1,0
C:\Users\Okan\Desktop\KOU YL YM\Yazılım Mimarisi ve Tasarım Yöntemleri\Proje\Sürümler\jsoup-jsoup-1.19.1\jsoup-jsoup-1.19.1\src\main\java\org\jsoup\safety\Safelist.java,org.jsoup.safety.Safelist,class,13,17,4,13,59,5,0,88,97,0.7348485,0.0,0.0,22,6,20,2,0,0,20,0,0,0,6,1,0,6,0,0,5,0,56,289,25,13,3,0,0,180,3,49,0,45,3,0,5,0,282,1,0
C:\Users\Okan\Desktop\KOU YL YM\Yazılım Mimarisi ve Tasarım Yöntemleri\Proje\Sürümler\jsoup-jsoup-1.19.1\jsoup-jsoup-1.19.1\src\main\java\org\jsoup\parser\TokeniserState.java,org.jsoup.parser.TokeniserState$Anonymous64,anonymous,2,2,0,2,5,1,0,6,0,0.0,NaN,NaN,1,0,0,0,0,1,1,0,0,0,0,0,0,0,0,0,0,0,0,23,0,0,0,0,0,0,0,3,0,1,1,0,0,0,14,-1,2
C:\Users\Okan\Desktop\KOU YL YM\Yazılım Mimarisi ve Tasarım Yöntemleri\Proje\Sürümler\jsoup-jsoup-1.19.1\jsoup-jsoup-1.19.1\src\main\java\org\jsoup\parser\TokeniserState.java,org.jsoup.parser.TokeniserState$Anonymous65,anonymous,2,2,0,2,5,1,0,6,0,0.0,NaN,NaN,1,0,0,0,0,1,1,0,0,0,0,0,0,0,0,0,0,0,0,23,0,0,0,0,0,0,0,3,0,1,1,0,0,0,14,-1,2
C:\Users\Okan\Desktop\KOU YL YM\Yazılım Mimarisi ve Tasarım Yöntemleri\Proje\Sürümler\jsoup-jsoup-1.19.1\jsoup-jsoup-1.19.1\src\main\java\org\jsoup\parser\TokeniserState.java,org.jsoup.parser.TokeniserState$Anonymous66,anonymous,2,2,0,2,8,1,0,5,0,0.0,NaN,NaN,1,0,0,0,0,1,1,0,0,0,0,0,0,0,0,0,0,0,0,18,0,0,0,0,0,0,0,2,0,1,1,0,0,0,10,-1,1
C:\Users\Okan\Desktop\KOU YL YM\Yazılım Mimarisi ve Tasarım Yöntemleri\Proje\Sürümler\jsoup-jsoup-1.19.1\jsoup-jsoup-1.19.1\src\main\java\org\jsoup\parser\TreeBuilder.java,org.jsoup.parser.TreeBuilder,class,21,52,31,21,58,1,2,61,226,0.86538464,0.0,0.0,28,0,0,1,0,27,27,4,2,0,13,0,0,2,1,10,1,0,4,192,25,1,13,0,0,2,6,41,2,31,4,0,0,0,174,1024,0
C:\Users\Okan\Desktop\KOU YL YM\Yazılım Mimarisi ve Tasarım Yöntemleri\Proje\Sürümler\jsoup-jsoup-1.19.1\jsoup-jsoup-1.19.1\src\main\java\org\jsoup\parser\TokeniserState.java,org.jsoup.parser.TokeniserState$Anonymous67,anonymous,2,2,0,2,3,1,0,3,0,0.0,NaN,NaN,1,0,0,0,0,1,1,0,0,0,0,0,0,0,0,0,0,0,0,14,0,0,0,0,0,0,0,1,0,1,1,0,0,0,7,-1,0
C:\Users\Okan\Desktop\KOU YL YM\Yazılım Mimarisi ve Tasarım Yöntemleri\Proje\Sürümler\jsoup-jsoup-1.19.1\jsoup-jsoup-1.19.1\src\main\java\org\jsoup\nodes\PseudoTextElement.java,org.jsoup.nodes.PseudoTextElement,class,4,5,1,4,3,3,0,0,3,0.0,0.0,0.0,3,0,1,0,0,2,3,0,0,0,0,0,0,0,0,0,0,0,0,9,0,0,0,0,0,0,0,0,0,0,0,0,0,0,25,1,0
C:\Users\Okan\Desktop\KOU YL YM\Yazılım Mimarisi ve Tasarım Yöntemleri\Proje\Sürümler\jsoup-jsoup-1.19.1\jsoup-jsoup-1.19.1\src\main\java\org\jsoup\parser\TokeniserState.java,org.jsoup.parser.TokeniserState$Anonymous1,anonymous,3,3,0,3,5,1,0,8,0,0.0,NaN,NaN,1,0,0,0,0,1,1,0,0,0,0,0,0,0,0,0,0,0,0,18,0,0,0,0,0,0,0,1,0,1,1,0,0,0,11,-1,1
C:\Users\Okan\Desktop\KOU YL YM\Yazılım Mimarisi ve Tasarım Yöntemleri\Proje\Sürümler\jsoup-jsoup-1.19.1\jsoup-jsoup-1.19.1\src\main\java\org\jsoup\select\Evaluator.java,org.jsoup.select.Evaluator$TagStartsWith,innerclass,2,2,0,2,3,2,0,3,0,0.0,0.0,0.0,3,0,3,0,0,0,3,0,0,0,1,0,0,1,0,0,1,0,1,12,2,0,0,0,1,1,0,1,0,1,0,0,0,0,18,25,0
C:\Users\Okan\Desktop\KOU YL YM\Yazılım Mimarisi ve Tasarım Yöntemleri\Proje\Sürümler\jsoup-jsoup-1.19.1\jsoup-jsoup-1.19.1\src\main\java\org\jsoup\parser\Parser.java,org.jsoup.parser.Parser,class,11,32,21,11,31,1,0,21,201,0.8888889,0.0,0.0,27,8,26,1,0,0,26,0,0,0,8,4,4,4,0,0,4,0,6,120,25,2,0,0,0,6,5,30,1,20,1,0,0,0,208,1,0
C:\Users\Okan\Desktop\KOU YL YM\Yazılım Mimarisi ve Tasarım Yöntemleri\Proje\Sürümler\jsoup-jsoup-1.19.1\jsoup-jsoup-1.19.1\src\main\java\org\jsoup\select\Evaluator.java,org.jsoup.select.Evaluator$IsEmpty,innerclass,7,7,0,7,8,2,0,3,1,0.0,0.0,0.0,2,0,2,0,0,0,2,0,0,0,0,0,0,0,0,0,0,0,0,14,4,1,1,0,2,1,0,2,0,1,3,0,0,0,19,25,0
C:\Users\Okan\Desktop\KOU YL YM\Yazılım Mimarisi ve Tasarım Yöntemleri\Proje\Sürümler\jsoup-jsoup-1.19.1\jsoup-jsoup-1.19.1\src\main\java\org\jsoup\parser\TokeniserState.java,org.jsoup.parser.TokeniserState$Anonymous7,anonymous,3,3,0,3,3,1,0,7,0,0.0,NaN,NaN,1,0,0,0,0,1,1,0,0,0,0,0,0,0,0,0,0,0,0,15,0,0,0,0,0,0,0,1,0,1,1,0,0,0,9,-1,1
C:\Users\Okan\Desktop\KOU YL YM\Yazılım Mimarisi ve Tasarım Yöntemleri\Proje\Sürümler\jsoup-jsoup-1.19.1\jsoup-jsoup-1.19.1\src\main\java\org\jsoup\parser\TokeniserState.java,org.jsoup.parser.TokeniserState$Anonymous6,anonymous,3,3,0,3,1,1,0,1,0,0.0,NaN,NaN,1,0,0,0,0,1,1,0,0,0,0,0,0,0,0,0,0,0,1,5,0,0,0,0,0,0,0,0,0,0,0,0,0,0,7,-1,0
C:\Users\Okan\Desktop\KOU YL YM\Yazılım Mimarisi ve Tasarım Yöntemleri\Proje\Sürümler\jsoup-jsoup-1.19.1\jsoup-jsoup-1.19.1\src\main\java\org\jsoup\parser\TokeniserState.java,org.jsoup.parser.TokeniserState$Anonymous9,anonymous,3,3,0,3,4,1,0,11,0,0.0,NaN,NaN,1,0,0,0,0,1,1,0,0,0,0,0,0,0,0,0,0,0,0,23,0,0,0,0,0,1,0,0,0,0,1,0,0,0,11,-1,2
C:\Users\Okan\Desktop\KOU YL YM\Yazılım Mimarisi ve Tasarım Yöntemleri\Proje\Sürümler\jsoup-jsoup-1.19.1\jsoup-jsoup-1.19.1\src\main\java\org\jsoup\select\Evaluator.java,org.jsoup.select.Evaluator$AttributeWithValueMatching,innerclass,4,4,0,4,4,2,0,7,0,0.25,0.0,0.0,4,0,3,0,1,0,4,0,0,0,2,0,0,0,0,2,2,0,2,17,3,0,0,0,0,1,1,2,0,2,0,0,0,0,20,25,0
C:\Users\Okan\Desktop\KOU YL YM\Yazılım Mimarisi ve Tasarım Yöntemleri\Proje\Sürümler\jsoup-jsoup-1.19.1\jsoup-jsoup-1.19.1\src\main\java\org\jsoup\parser\TokeniserState.java,org.jsoup.parser.TokeniserState$Anonymous8,anonymous,2,2,0,2,6,1,0,8,0,0.0,NaN,NaN,1,0,0,0,0,1,1,0,0,0,0,0,0,0,0,0,0,0,0,28,0,0,1,0,0,0,0,0,0,0,2,0,0,0,17,-1,1
C:\Users\Okan\Desktop\KOU YL YM\Yazılım Mimarisi ve Tasarım Yöntemleri\Proje\Sürümler\jsoup-jsoup-1.19.1\jsoup-jsoup-1.19.1\src\main\java\org\jsoup\nodes\Range.java,org.jsoup.nodes.Range$Position,innerclass,1,1,0,1,15,1,0,2,0,0.375,0.0,0.0,8,0,8,0,0,0,8,0,0,0,1,0,0,1,0,0,1,0,1,34,11,0,7,0,0,2,0,4,1,4,1,0,0,0,82,9,0
C:\Users\Okan\Desktop\KOU YL YM\Yazılım Mimarisi ve Tasarım Yöntemleri\Proje\Sürümler\jsoup-jsoup-1.19.1\jsoup-jsoup-1.19.1\src\main\java\org\jsoup\parser\TokeniserState.java,org.jsoup.parser.TokeniserState$Anonymous3,anonymous,3,3,0,3,5,1,0,8,0,0.0,NaN,NaN,1,0,0,0,0,1,1,0,0,0,0,0,0,0,0,0,0,0,0,19,0,0,0,0,0,0,0,1,0,1,1,0,0,0,13,-1,1
C:\Users\Okan\Desktop\KOU YL YM\Yazılım Mimarisi ve Tasarım Yöntemleri\Proje\Sürümler\jsoup-jsoup-1.19.1\jsoup-jsoup-1.19.1\src\main\java\org\jsoup\parser\TokeniserState.java,org.jsoup.parser.TokeniserState$Anonymous2,anonymous,3,3,0,3,1,1,0,1,0,0.0,NaN,NaN,1,0,0,0,0,1,1,0,0,0,0,0,0,0,0,0,0,0,1,5,0,0,0,0,0,0,0,0,0,0,0,0,0,0,7,-1,0
C:\Users\Okan\Desktop\KOU YL YM\Yazılım Mimarisi ve Tasarım Yöntemleri\Proje\Sürümler\jsoup-jsoup-1.19.1\jsoup-jsoup-1.19.1\src\main\java\org\jsoup\parser\TokeniserState.java,org.jsoup.parser.TokeniserState$Anonymous5,anonymous,3,3,0,3,1,1,0,1,0,0.0,NaN,NaN,1,0,0,0,0,1,1,0,0,0,0,0,0,0,0,0,0,0,1,5,0,0,0,0,0,0,0,0,0,0,0,0,0,0,7,-1,0
C:\Users\Okan\Desktop\KOU YL YM\Yazılım Mimarisi ve Tasarım Yöntemleri\Proje\Sürümler\jsoup-jsoup-1.19.1\jsoup-jsoup-1.19.1\src\main\java\org\jsoup\parser\TokeniserState.java,org.jsoup.parser.TokeniserState$Anonymous4,anonymous,3,3,0,3,1,1,0,1,0,0.0,NaN,NaN,1,0,0,0,0,1,1,0,0,0,0,0,0,0,0,0,0,0,1,5,0,0,0,0,0,0,0,0,0,0,0,0,0,0,7,-1,0
C:\Users\Okan\Desktop\KOU YL YM\Yazılım Mimarisi ve Tasarım Yöntemleri\Proje\Sürümler\jsoup-jsoup-1.19.1\jsoup-jsoup-1.19.1\src\main\java\org\jsoup\examples\ListLinks.java,org.jsoup.examples.ListLinks,class,8,9,1,8,9,1,0,15,3,0.0,NaN,NaN,3,3,1,2,0,0,1,0,0,0,0,0,0,0,0,0,0,0,13,31,2,3,1,0,0,22,6,5,2,5,2,0,0,0,49,1,0
C:\Users\Okan\Desktop\KOU YL YM\Yazılım Mimarisi ve Tasarım Yöntemleri\Proje\Sürümler\jsoup-jsoup-1.19.1\jsoup-jsoup-1.19.1\src\main\java\org\jsoup\select\Evaluator.java,org.jsoup.select.Evaluator$IsNthChild,innerclass,2,2,0,2,3,3,0,1,3,0.0,0.0,0.0,3,0,1,0,2,0,3,0,0,0,0,0,0,0,0,0,0,0,0,11,2,0,0,0,0,1,1,0,1,0,0,0,0,0,18,25,0
C:\Users\Okan\Desktop\KOU YL YM\Yazılım Mimarisi ve Tasarım Yöntemleri\Proje\Sürümler\jsoup-jsoup-1.19.1\jsoup-jsoup-1.19.1\src\main\java\org\jsoup\parser\HtmlTreeBuilderState.java,org.jsoup.parser.HtmlTreeBuilderState$Constants,innerclass,0,0,0,0,0,1,0,0,0,NaN,-1.0,-1.0,0,0,0,0,0,0,0,0,0,0,40,40,0,0,0,40,40,0,0,42,0,0,0,0,0,307,0,40,0,40,0,0,0,0,47,24,0
C:\Users\Okan\Desktop\KOU YL YM\Yazılım Mimarisi ve Tasarım Yöntemleri\Proje\Sürümler\jsoup-jsoup-1.19.1\jsoup-jsoup-1.19.1\src\main\java\org\jsoup\safety\Safelist.java,org.jsoup.safety.Safelist$TagName,innerclass,3,3,0,3,2,2,0,1,1,0.0,0.0,0.0,2,1,0,0,0,2,2,0,0,0,0,0,0,0,0,0,0,0,1,8,1,0,0,0,0,0,0,0,0,0,0,0,0,0,6,8,0
C:\Users\Okan\Desktop\KOU YL YM\Yazılım Mimarisi ve Tasarım Yöntemleri\Proje\Sürümler\jsoup-jsoup-1.19.1\jsoup-jsoup-1.19.1\src\main\java\org\jsoup\helper\AuthenticationHandler.java,org.jsoup.helper.AuthenticationHandler$AuthShim,interface,3,3,0,3,3,1,0,0,3,0.0,0.0,0.0,3,0,0,0,0,3,3,0,0,0,0,0,0,0,0,0,0,0,0,5,0,0,0,0,0,0,0,0,0,0,0,0,0,0,14,0,0
C:\Users\Okan\Desktop\KOU YL YM\Yazılım Mimarisi ve Tasarım Yöntemleri\Proje\Sürümler\jsoup-jsoup-1.19.1\jsoup-jsoup-1.19.1\src\main\java\org\jsoup\select\Evaluator.java,org.jsoup.select.Evaluator$Class,innerclass,2,2,0,2,4,2,0,2,0,0.25,0.0,0.0,4,0,3,0,1,0,4,0,0,0,1,0,0,1,0,0,1,0,1,15,3,0,0,0,1,1,1,1,0,1,0,0,0,0,10,25,0
C:\Users\Okan\Desktop\KOU YL YM\Yazılım Mimarisi ve Tasarım Yöntemleri\Proje\Sürümler\jsoup-jsoup-1.19.1\jsoup-jsoup-1.19.1\src\main\java\org\jsoup\nodes\Attributes.java,org.jsoup.nodes.Attributes$Anonymous1,anonymous,3,3,0,3,10,1,0,3,0,0.375,0.0,0.0,4,0,3,1,0,0,3,0,0,0,2,0,0,0,0,2,0,0,1,30,2,1,3,0,0,1,1,5,0,5,2,0,0,0,27,-1,0
C:\Users\Okan\Desktop\KOU YL YM\Yazılım Mimarisi ve Tasarım Yöntemleri\Proje\Sürümler\jsoup-jsoup-1.19.1\jsoup-jsoup-1.19.1\src\main\java\org\jsoup\select\StructuralEvaluator.java,org.jsoup.select.StructuralEvaluator$Has,innerclass,9,9,0,9,16,3,0,11,8,0.70000005,0.0,0.0,5,1,3,1,1,0,4,0,0,0,2,1,0,1,0,1,2,0,2,47,7,3,3,1,0,2,1,7,1,6,3,0,0,1,29,8,0
C:\Users\Okan\Desktop\KOU YL YM\Yazılım Mimarisi ve Tasarım Yöntemleri\Proje\Sürümler\jsoup-jsoup-1.19.1\jsoup-jsoup-1.19.1\src\main\java\org\jsoup\nodes\Node.java,org.jsoup.nodes.Node$OuterHtmlVisitor,innerclass,4,4,0,4,6,1,0,4,0,0.0,0.0,0.0,3,0,2,0,0,1,3,0,0,0,2,0,0,2,0,0,2,0,0,26,0,0,0,2,0,1,0,2,0,2,2,0,0,0,15,10,0
C:\Users\Okan\Desktop\KOU YL YM\Yazılım Mimarisi ve Tasarım Yöntemleri\Proje\Sürümler\jsoup-jsoup-1.19.1\jsoup-jsoup-1.19.1\src\main\java\org\jsoup\parser\Token.java,org.jsoup.parser.Token,class,10,45,35,10,28,14,10,4,156,0.8333334,0.0,0.0,21,1,0,1,0,20,20,0,13,0,3,1,0,1,0,2,2,0,0,418,17,0,7,0,0,0,2,7,0,4,1,0,10,0,49,1024,0
C:\Users\Okan\Desktop\KOU YL YM\Yazılım Mimarisi ve Tasarım Yöntemleri\Proje\Sürümler\jsoup-jsoup-1.19.1\jsoup-jsoup-1.19.1\src\main\java\org\jsoup\safety\Cleaner.java,org.jsoup.safety.Cleaner$CleaningVisitor,innerclass,8,8,0,8,11,1,0,9,0,0.33333334,0.0,0.0,3,0,2,1,0,0,2,0,0,0,3,0,0,3,0,0,1,0,0,42,0,0,1,0,0,0,1,13,0,10,2,0,0,0,30,18,0
C:\Users\Okan\Desktop\KOU YL YM\Yazılım Mimarisi ve Tasarım Yöntemleri\Proje\Sürümler\jsoup-jsoup-1.19.1\jsoup-jsoup-1.19.1\src\main\java\org\jsoup\select\Evaluator.java,org.jsoup.select.Evaluator$AttributeKeyPair,innerclass,3,3,0,3,4,2,0,7,0,0.0,0.0,0.0,2,0,2,0,0,0,2,0,0,0,2,0,0,0,0,2,2,0,5,17,0,0,0,0,0,4,2,4,1,3,1,0,0,0,17,1033,0
C:\Users\Okan\Desktop\KOU YL YM\Yazılım Mimarisi ve Tasarım Yöntemleri\Proje\Sürümler\jsoup-jsoup-1.19.1\jsoup-jsoup-1.19.1\src\main\java\org\jsoup\select\Evaluator.java,org.jsoup.select.Evaluator$ContainsWholeOwnText,innerclass,2,2,0,2,3,2,0,3,0,0.0,0.0,0.0,3,0,3,0,0,0,3,0,0,0,1,0,0,1,0,0,1,0,1,12,2,0,0,0,0,1,0,1,0,1,0,0,0,0,23,25,0
C:\Users\Okan\Desktop\KOU YL YM\Yazılım Mimarisi ve Tasarım Yöntemleri\Proje\Sürümler\jsoup-jsoup-1.19.1\jsoup-jsoup-1.19.1\src\main\java\org\jsoup\select\Evaluator.java,org.jsoup.select.Evaluator$IsNthLastOfType,innerclass,2,2,0,2,6,3,0,4,3,0.0,0.0,0.0,3,0,1,0,2,0,3,0,0,0,0,0,0,0,0,0,0,0,0,19,3,1,2,0,0,1,2,4,0,3,2,0,0,0,21,9,0
C:\Users\Okan\Desktop\KOU YL YM\Yazılım Mimarisi ve Tasarım Yöntemleri\Proje\Sürümler\jsoup-jsoup-1.19.1\jsoup-jsoup-1.19.1\src\main\java\org\jsoup\parser\Tag.java,org.jsoup.parser.Tag,class,3,17,14,3,47,1,0,20,62,0.83771926,0.0,0.0,24,6,19,2,1,2,24,0,0,0,19,9,0,19,0,0,10,0,16,159,33,2,11,1,1,205,0,41,0,30,2,0,0,8,132,1,0
C:\Users\Okan\Desktop\KOU YL YM\Yazılım Mimarisi ve Tasarım Yöntemleri\Proje\Sürümler\jsoup-jsoup-1.19.1\jsoup-jsoup-1.19.1\src\main\java\org\jsoup\parser\Token.java,org.jsoup.parser.Token$Character,innerclass,2,2,0,2,7,2,0,3,9,0.5,0.0,0.0,6,0,1,0,1,4,6,0,0,0,1,0,0,1,0,0,0,0,0,29,5,0,0,1,0,0,0,2,0,1,1,0,0,0,17,8,0
C:\Users\Okan\Desktop\KOU YL YM\Yazılım Mimarisi ve Tasarım Yöntemleri\Proje\Sürümler\jsoup-jsoup-1.19.1\jsoup-jsoup-1.19.1\src\main\java\org\jsoup\select\Evaluator.java,org.jsoup.select.Evaluator$IsLastOfType,innerclass,1,1,0,1,2,4,0,0,1,0.0,0.0,0.0,2,0,2,0,0,0,2,0,0,0,0,0,0,0,0,0,0,0,0,8,1,0,0,0,0,1,2,0,0,0,0,0,0,0,8,25,0
C:\Users\Okan\Desktop\KOU YL YM\Yazılım Mimarisi ve Tasarım Yöntemleri\Proje\Sürümler\jsoup-jsoup-1.19.1\jsoup-jsoup-1.19.1\src\main\java\org\jsoup\select\Evaluator.java,org.jsoup.select.Evaluator$Attribute,innerclass,3,3,0,3,4,2,0,2,0,0.25,0.0,0.0,4,0,3,0,1,0,4,0,0,0,1,0,0,1,0,0,1,0,1,15,3,0,0,0,0,1,1,1,0,1,0,0,0,0,12,25,0
C:\Users\Okan\Desktop\KOU YL YM\Yazılım Mimarisi ve Tasarım Yöntemleri\Proje\Sürümler\jsoup-jsoup-1.19.1\jsoup-jsoup-1.19.1\src\main\java\org\jsoup\internal\StringUtil.java,org.jsoup.internal.StringUtil$StringJoiner,innerclass,4,4,0,4,5,1,0,5,0,0.5,0.0,0.0,4,0,4,0,0,0,4,0,0,0,3,0,0,0,0,3,1,0,4,25,3,0,0,0,0,0,0,6,0,4,1,0,0,0,62,9,0
C:\Users\Okan\Desktop\KOU YL YM\Yazılım Mimarisi ve Tasarım Yöntemleri\Proje\Sürümler\jsoup-jsoup-1.19.1\jsoup-jsoup-1.19.1\src\main\java\org\jsoup\select\NodeFilter.java,org.jsoup.select.NodeFilter$FilterResult,enum,0,0,0,0,0,1,0,0,0,0.0,-1.0,-1.0,0,0,0,0,0,0,0,0,0,0,0,0,0,0,0,0,0,0,0,6,0,0,0,0,0,0,0,0,0,0,0,0,0,0,22,0,0
C:\Users\Okan\Desktop\KOU YL YM\Yazılım Mimarisi ve Tasarım Yöntemleri\Proje\Sürümler\jsoup-jsoup-1.19.1\jsoup-jsoup-1.19.1\src\main\java\org\jsoup\Connection.java,org.jsoup.Connection$KeyVal,interface,2,2,0,2,9,1,0,0,36,0.0,0.0,0.0,9,0,0,0,0,9,9,0,0,0,0,0,0,0,0,0,0,0,0,11,0,0,0,0,0,0,0,0,0,0,0,0,0,0,58,0,0
C:\Users\Okan\Desktop\KOU YL YM\Yazılım Mimarisi ve Tasarım Yöntemleri\Proje\Sürümler\jsoup-jsoup-1.19.1\jsoup-jsoup-1.19.1\src\main\java\org\jsoup\nodes\Entities.java,org.jsoup.nodes.Entities,class,12,18,6,12,82,1,0,49,170,0.90816325,0.0,0.0,21,20,8,11,0,2,10,0,0,0,14,14,0,8,0,6,14,0,27,256,20,3,23,2,11,12,41,59,1,40,4,0,2,1,195,1,0
C:\Users\Okan\Desktop\KOU YL YM\Yazılım Mimarisi ve Tasarım Yöntemleri\Proje\Sürümler\jsoup-jsoup-1.19.1\jsoup-jsoup-1.19.1\src\main\java\org\jsoup\internal\SharedConstants.java,org.jsoup.internal.SharedConstants,class,0,0,0,0,1,1,0,0,0,1.0,-1.0,-1.0,1,0,0,1,0,0,0,0,0,0,8,8,8,0,0,0,8,0,0,12,0,0,0,0,0,11,2,8,1,8,0,0,0,0,40,17,0
C:\Users\Okan\Desktop\KOU YL YM\Yazılım Mimarisi ve Tasarım Yöntemleri\Proje\Sürümler\jsoup-jsoup-1.19.1\jsoup-jsoup-1.19.1\src\main\java\org\jsoup\parser\Token.java,org.jsoup.parser.Token$CData,innerclass,1,1,0,1,2,3,0,2,1,0.0,0.0,0.0,2,0,1,0,0,1,2,0,0,0,0,0,0,0,0,0,0,0,0,9,1,0,0,0,0,2,0,0,1,0,0,0,0,0,7,24,0
C:\Users\Okan\Desktop\KOU YL YM\Yazılım Mimarisi ve Tasarım Yöntemleri\Proje\Sürümler\jsoup-jsoup-1.19.1\jsoup-jsoup-1.19.1\src\main\java\org\jsoup\select\Elements.java,org.jsoup.select.Elements,class,17,28,11,17,121,4,0,76,2145,0.0,0.0,0.0,66,0,64,2,0,0,64,0,0,0,0,0,0,0,0,0,0,0,16,335,66,34,4,0,0,6,6,28,1,24,3,0,0,0,332,1,0
C:\Users\Okan\Desktop\KOU YL YM\Yazılım Mimarisi ve Tasarım Yöntemleri\Proje\Sürümler\jsoup-jsoup-1.19.1\jsoup-jsoup-1.19.1\src\main\java\org\jsoup\select\Evaluator.java,org.jsoup.select.Evaluator$AttributeWithValueContaining,innerclass,4,4,0,4,4,3,0,5,6,0.0,0.0,0.0,4,0,3,0,1,0,4,0,0,0,0,0,0,0,0,0,0,0,2,14,3,0,0,0,0,1,1,0,0,0,0,0,0,0,21,25,0
C:\Users\Okan\Desktop\KOU YL YM\Yazılım Mimarisi ve Tasarım Yöntemleri\Proje\Sürümler\jsoup-jsoup-1.19.1\jsoup-jsoup-1.19.1\src\main\java\org\jsoup\select\Evaluator.java,org.jsoup.select.Evaluator$AllElements,innerclass,2,2,0,2,3,2,0,0,3,0.0,0.0,0.0,3,0,2,0,1,0,3,0,0,0,0,0,0,0,0,0,0,0,0,11,3,0,0,0,0,1,1,0,0,0,0,0,0,0,13,25,0
C:\Users\Okan\Desktop\KOU YL YM\Yazılım Mimarisi ve Tasarım Yöntemleri\Proje\Sürümler\jsoup-jsoup-1.19.1\jsoup-jsoup-1.19.1\src\main\java\org\jsoup\parser\TokeniserState.java,org.jsoup.parser.TokeniserState$Anonymous46,anonymous,3,3,0,3,5,1,0,7,0,0.0,NaN,NaN,1,0,0,0,0,1,1,0,0,0,0,0,0,0,0,0,0,0,0,23,0,0,0,0,0,0,0,1,0,1,1,0,0,0,12,-1,2
C:\Users\Okan\Desktop\KOU YL YM\Yazılım Mimarisi ve Tasarım Yöntemleri\Proje\Sürümler\jsoup-jsoup-1.19.1\jsoup-jsoup-1.19.1\src\main\java\org\jsoup\parser\TokeniserState.java,org.jsoup.parser.TokeniserState$Anonymous47,anonymous,3,3,0,3,5,1,0,6,0,0.0,NaN,NaN,1,0,0,0,0,1,1,0,0,0,0,0,0,0,0,0,0,0,0,23,0,0,0,0,0,0,0,1,0,1,1,0,0,0,11,-1,2
C:\Users\Okan\Desktop\KOU YL YM\Yazılım Mimarisi ve Tasarım Yöntemleri\Proje\Sürümler\jsoup-jsoup-1.19.1\jsoup-jsoup-1.19.1\src\main\java\org\jsoup\parser\TokeniserState.java,org.jsoup.parser.TokeniserState$Anonymous48,anonymous,3,3,0,3,4,1,0,10,0,0.0,NaN,NaN,1,0,0,0,0,1,1,0,0,0,0,0,0,0,0,0,0,0,0,18,0,0,0,0,0,0,0,1,0,1,1,0,0,0,12,-1,1
C:\Users\Okan\Desktop\KOU YL YM\Yazılım Mimarisi ve Tasarım Yöntemleri\Proje\Sürümler\jsoup-jsoup-1.19.1\jsoup-jsoup-1.19.1\src\main\java\org\jsoup\parser\TokeniserState.java,org.jsoup.parser.TokeniserState$Anonymous49,anonymous,3,3,0,3,4,1,0,6,0,0.0,NaN,NaN,1,0,0,0,0,1,1,0,0,0,0,0,0,0,0,0,0,0,0,19,0,0,0,0,0,0,0,1,0,1,1,0,0,0,11,-1,1
C:\Users\Okan\Desktop\KOU YL YM\Yazılım Mimarisi ve Tasarım Yöntemleri\Proje\Sürümler\jsoup-jsoup-1.19.1\jsoup-jsoup-1.19.1\src\main\java\org\jsoup\parser\TokeniserState.java,org.jsoup.parser.TokeniserState$Anonymous42,anonymous,2,2,0,2,3,1,0,6,0,0.0,NaN,NaN,1,0,0,0,0,1,1,0,0,0,0,0,0,0,0,0,0,0,0,17,0,0,0,0,0,0,0,2,0,1,1,0,0,0,11,-1,1
C:\Users\Okan\Desktop\KOU YL YM\Yazılım Mimarisi ve Tasarım Yöntemleri\Proje\Sürümler\jsoup-jsoup-1.19.1\jsoup-jsoup-1.19.1\src\main\java\org\jsoup\nodes\TextNode.java,org.jsoup.nodes.TextNode,class,10,23,13,10,38,3,1,34,105,0.0,0.0,0.0,15,4,10,0,0,5,15,0,0,0,0,0,0,0,0,0,0,0,8,73,13,0,9,0,14,7,7,18,2,14,2,0,0,0,129,1,0
C:\Users\Okan\Desktop\KOU YL YM\Yazılım Mimarisi ve Tasarım Yöntemleri\Proje\Sürümler\jsoup-jsoup-1.19.1\jsoup-jsoup-1.19.1\src\main\java\org\jsoup\parser\TokeniserState.java,org.jsoup.parser.TokeniserState$Anonymous43,anonymous,3,3,0,3,3,1,0,6,0,0.0,NaN,NaN,1,0,0,0,0,1,1,0,0,0,0,0,0,0,0,0,0,0,0,11,0,0,2,0,0,0,0,1,0,1,1,0,0,0,8,-1,0
C:\Users\Okan\Desktop\KOU YL YM\Yazılım Mimarisi ve Tasarım Yöntemleri\Proje\Sürümler\jsoup-jsoup-1.19.1\jsoup-jsoup-1.19.1\src\main\java\org\jsoup\parser\TokeniserState.java,org.jsoup.parser.TokeniserState$Anonymous44,anonymous,2,2,0,2,6,1,0,9,0,0.0,NaN,NaN,1,0,0,0,0,1,1,0,0,0,0,0,0,0,0,0,0,0,0,26,0,0,1,0,0,3,0,0,0,0,2,0,0,0,15,-1,1
C:\Users\Okan\Desktop\KOU YL YM\Yazılım Mimarisi ve Tasarım Yöntemleri\Proje\Sürümler\jsoup-jsoup-1.19.1\jsoup-jsoup-1.19.1\src\main\java\org\jsoup\select\Evaluator.java,org.jsoup.select.Evaluator$AttributeWithValue,innerclass,3,3,0,3,4,3,0,5,6,0.0,0.0,0.0,4,0,3,0,1,0,4,0,0,0,0,0,0,0,0,0,0,0,1,14,3,0,0,0,0,1,1,0,0,0,0,0,0,0,17,25,0
C:\Users\Okan\Desktop\KOU YL YM\Yazılım Mimarisi ve Tasarım Yöntemleri\Proje\Sürümler\jsoup-jsoup-1.19.1\jsoup-jsoup-1.19.1\src\main\java\org\jsoup\parser\TokeniserState.java,org.jsoup.parser.TokeniserState$Anonymous45,anonymous,3,3,0,3,2,1,0,6,0,0.0,NaN,NaN,1,0,0,0,0,1,1,0,0,0,0,0,0,0,0,0,0,0,0,14,0,0,0,0,0,0,0,0,0,0,1,0,0,0,10,-1,1
C:\Users\Okan\Desktop\KOU YL YM\Yazılım Mimarisi ve Tasarım Yöntemleri\Proje\Sürümler\jsoup-jsoup-1.19.1\jsoup-jsoup-1.19.1\src\main\java\org\jsoup\select\Evaluator.java,org.jsoup.select.Evaluator$AttributeWithValueNot,innerclass,3,3,0,3,4,3,0,3,6,0.0,0.0,0.0,4,0,3,0,1,0,4,0,0,0,0,0,0,0,0,0,0,0,1,14,3,0,0,0,0,1,1,0,0,0,0,0,0,0,18,25,0
C:\Users\Okan\Desktop\KOU YL YM\Yazılım Mimarisi ve Tasarım Yöntemleri\Proje\Sürümler\jsoup-jsoup-1.19.1\jsoup-jsoup-1.19.1\src\main\java\org\jsoup\parser\ParseErrorList.java,org.jsoup.parser.ParseErrorList,class,2,8,6,2,8,4,0,2,1,0.6190476,0.0,0.0,7,2,3,0,0,4,7,0,0,0,3,1,0,3,0,0,3,0,0,28,5,0,0,0,0,0,3,3,0,3,0,0,0,0,42,1,0
C:\Users\Okan\Desktop\KOU YL YM\Yazılım Mimarisi ve Tasarım Yöntemleri\Proje\Sürümler\jsoup-jsoup-1.19.1\jsoup-jsoup-1.19.1\src\main\java\org\jsoup\SerializationException.java,org.jsoup.SerializationException,class,0,5,5,0,4,4,0,0,6,0.0,0.0,0.0,4,0,4,0,0,0,4,0,0,0,0,0,0,0,0,0,0,0,0,14,0,0,0,0,0,0,0,0,0,0,0,0,0,0,44,17,0
C:\Users\Okan\Desktop\KOU YL YM\Yazılım Mimarisi ve Tasarım Yöntemleri\Proje\Sürümler\jsoup-jsoup-1.19.1\jsoup-jsoup-1.19.1\src\main\java\org\jsoup\select\CombiningEvaluator.java,org.jsoup.select.CombiningEvaluator$Or,innerclass,5,5,0,5,9,3,0,7,15,0.0,0.0,0.0,6,0,4,0,0,2,6,0,0,0,0,0,0,0,0,0,0,0,2,28,3,1,0,0,0,1,2,2,0,2,2,0,0,0,43,25,0
C:\Users\Okan\Desktop\KOU YL YM\Yazılım Mimarisi ve Tasarım Yöntemleri\Proje\Sürümler\jsoup-jsoup-1.19.1\jsoup-jsoup-1.19.1\src\main\java\org\jsoup\select\Evaluator.java,org.jsoup.select.Evaluator$ContainsText,innerclass,4,4,0,4,4,2,0,5,0,0.25,0.0,0.0,4,0,3,0,1,0,4,0,0,0,1,0,0,1,0,0,1,0,4,15,3,0,0,0,0,1,1,1,0,1,0,0,0,0,19,25,0
C:\Users\Okan\Desktop\KOU YL YM\Yazılım Mimarisi ve Tasarım Yöntemleri\Proje\Sürümler\jsoup-jsoup-1.19.1\jsoup-jsoup-1.19.1\src\main\java\org\jsoup\Connection.java,org.jsoup.Connection$Base,interface,4,4,0,4,18,1,0,0,153,0.0,0.0,0.0,18,0,0,0,0,18,18,0,0,0,0,0,0,0,0,0,0,0,0,20,0,0,0,0,0,1,0,0,0,0,0,0,0,0,148,0,0
C:\Users\Okan\Desktop\KOU YL YM\Yazılım Mimarisi ve Tasarım Yöntemleri\Proje\Sürümler\jsoup-jsoup-1.19.1\jsoup-jsoup-1.19.1\src\main\java\org\jsoup\parser\TokeniserState.java,org.jsoup.parser.TokeniserState$Anonymous50,anonymous,3,3,0,3,6,1,0,7,0,0.0,NaN,NaN,1,0,0,0,0,1,1,0,0,0,0,0,0,0,0,0,0,0,0,24,0,0,0,0,0,2,0,1,0,1,1,0,0,0,12,-1,1
C:\Users\Okan\Desktop\KOU YL YM\Yazılım Mimarisi ve Tasarım Yöntemleri\Proje\Sürümler\jsoup-jsoup-1.19.1\jsoup-jsoup-1.19.1\src\main\java\org\jsoup\Progress.java,org.jsoup.Progress,interface,1,5,4,1,1,1,0,0,0,0.0,NaN,NaN,1,0,0,0,0,1,1,0,0,0,0,0,0,0,0,0,0,0,0,3,0,0,0,0,0,0,0,0,0,0,0,0,0,0,42,1,0
C:\Users\Okan\Desktop\KOU YL YM\Yazılım Mimarisi ve Tasarım Yöntemleri\Proje\Sürümler\jsoup-jsoup-1.19.1\jsoup-jsoup-1.19.1\src\main\java\org\jsoup\parser\TokeniserState.java,org.jsoup.parser.TokeniserState$Anonymous51,anonymous,3,3,0,3,5,1,0,7,0,0.0,NaN,NaN,1,0,0,0,0,1,1,0,0,0,0,0,0,0,0,0,0,0,0,23,0,0,0,0,0,3,0,1,0,1,1,0,0,0,12,-1,1
C:\Users\Okan\Desktop\KOU YL YM\Yazılım Mimarisi ve Tasarım Yöntemleri\Proje\Sürümler\jsoup-jsoup-1.19.1\jsoup-jsoup-1.19.1\src\main\java\org\jsoup\select\Evaluator.java,org.jsoup.select.Evaluator$Id,innerclass,2,2,0,2,4,2,0,3,0,0.25,0.0,0.0,4,0,3,0,1,0,4,0,0,0,1,0,0,1,0,0,1,0,1,15,3,0,0,0,1,1,1,1,0,1,0,0,0,0,9,25,0
C:\Users\Okan\Desktop\KOU YL YM\Yazılım Mimarisi ve Tasarım Yöntemleri\Proje\Sürümler\jsoup-jsoup-1.19.1\jsoup-jsoup-1.19.1\src\main\java\org\jsoup\select\Evaluator.java,org.jsoup.select.Evaluator$IsNthOfType,innerclass,3,3,0,3,7,3,0,6,3,0.0,0.0,0.0,3,0,1,0,2,0,3,0,0,0,0,0,0,0,0,0,0,0,0,20,3,1,2,0,0,1,3,5,0,5,2,0,0,0,26,9,0
C:\Users\Okan\Desktop\KOU YL YM\Yazılım Mimarisi ve Tasarım Yöntemleri\Proje\Sürümler\jsoup-jsoup-1.19.1\jsoup-jsoup-1.19.1\src\main\java\org\jsoup\parser\TokeniserState.java,org.jsoup.parser.TokeniserState$Anonymous52,anonymous,2,2,0,2,8,1,0,6,0,0.0,NaN,NaN,1,0,0,0,0,1,1,0,0,0,0,0,0,0,0,0,0,0,0,18,0,0,0,0,0,0,0,2,0,1,1,0,0,0,11,-1,2
C:\Users\Okan\Desktop\KOU YL YM\Yazılım Mimarisi ve Tasarım Yöntemleri\Proje\Sürümler\jsoup-jsoup-1.19.1\jsoup-jsoup-1.19.1\src\main\java\org\jsoup\select\StructuralEvaluator.java,org.jsoup.select.StructuralEvaluator$PreviousSibling,innerclass,3,3,0,3,8,3,0,5,6,0.0,0.0,0.0,4,0,3,0,1,0,4,0,0,0,0,0,0,0,0,0,0,0,1,19,5,1,3,0,0,1,1,2,1,1,2,0,0,0,18,8,0
C:\Users\Okan\Desktop\KOU YL YM\Yazılım Mimarisi ve Tasarım Yöntemleri\Proje\Sürümler\jsoup-jsoup-1.19.1\jsoup-jsoup-1.19.1\src\main\java\org\jsoup\parser\TokeniserState.java,org.jsoup.parser.TokeniserState$Anonymous57,anonymous,2,2,0,2,10,1,0,5,0,0.0,NaN,NaN,1,0,0,0,0,1,1,0,0,0,0,0,0,0,0,0,0,0,0,25,0,0,0,0,0,0,0,4,0,1,1,0,0,0,15,-1,2
C:\Users\Okan\Desktop\KOU YL YM\Yazılım Mimarisi ve Tasarım Yöntemleri\Proje\Sürümler\jsoup-jsoup-1.19.1\jsoup-jsoup-1.19.1\src\main\java\org\jsoup\parser\TokeniserState.java,org.jsoup.parser.TokeniserState$Anonymous58,anonymous,2,2,0,2,5,1,0,6,0,0.0,NaN,NaN,1,0,0,0,0,1,1,0,0,0,0,0,0,0,0,0,0,0,0,23,0,0,0,0,0,0,0,3,0,1,1,0,0,0,14,-1,2
C:\Users\Okan\Desktop\KOU YL YM\Yazılım Mimarisi ve Tasarım Yöntemleri\Proje\Sürümler\jsoup-jsoup-1.19.1\jsoup-jsoup-1.19.1\src\main\java\org\jsoup\parser\TokeniserState.java,org.jsoup.parser.TokeniserState$Anonymous59,anonymous,2,2,0,2,5,1,0,6,0,0.0,NaN,NaN,1,0,0,0,0,1,1,0,0,0,0,0,0,0,0,0,0,0,0,23,0,0,0,0,0,0,0,3,0,1,1,0,0,0,14,-1,2
C:\Users\Okan\Desktop\KOU YL YM\Yazılım Mimarisi ve Tasarım Yöntemleri\Proje\Sürümler\jsoup-jsoup-1.19.1\jsoup-jsoup-1.19.1\src\main\java\org\jsoup\examples\HtmlToPlainText.java,org.jsoup.examples.HtmlToPlainText$FormattingVisitor,innerclass,5,5,0,5,18,1,0,14,4,0.6666667,0.0,0.0,4,0,3,1,0,0,3,0,0,0,3,1,0,3,0,0,1,0,4,44,2,1,2,0,2,32,7,14,5,9,4,0,0,0,22,10,0
C:\Users\Okan\Desktop\KOU YL YM\Yazılım Mimarisi ve Tasarım Yöntemleri\Proje\Sürümler\jsoup-jsoup-1.19.1\jsoup-jsoup-1.19.1\src\main\java\org\jsoup\parser\TokeniserState.java,org.jsoup.parser.TokeniserState$Anonymous53,anonymous,2,2,0,2,9,1,0,8,0,0.0,NaN,NaN,1,0,0,0,0,1,1,0,0,0,0,0,0,0,0,0,0,0,0,27,1,0,0,0,0,0,0,2,0,1,1,0,0,0,12,-1,1
C:\Users\Okan\Desktop\KOU YL YM\Yazılım Mimarisi ve Tasarım Yöntemleri\Proje\Sürümler\jsoup-jsoup-1.19.1\jsoup-jsoup-1.19.1\src\main\java\org\jsoup\select\Collector.java,org.jsoup.select.Collector,class,5,8,3,5,4,1,0,9,6,0.0,0.0,0.0,4,3,3,1,0,0,3,0,0,0,0,0,0,0,0,0,0,0,3,14,3,0,0,0,0,0,0,0,0,0,0,0,0,0,50,1,0
C:\Users\Okan\Desktop\KOU YL YM\Yazılım Mimarisi ve Tasarım Yöntemleri\Proje\Sürümler\jsoup-jsoup-1.19.1\jsoup-jsoup-1.19.1\src\main\java\org\jsoup\parser\TokeniserState.java,org.jsoup.parser.TokeniserState$Anonymous54,anonymous,2,2,0,2,10,1,0,9,0,0.0,NaN,NaN,1,0,0,0,0,1,1,0,0,0,0,0,0,0,0,0,0,0,0,26,1,0,0,0,0,0,0,3,0,2,1,0,0,0,14,-1,1
C:\Users\Okan\Desktop\KOU YL YM\Yazılım Mimarisi ve Tasarım Yöntemleri\Proje\Sürümler\jsoup-jsoup-1.19.1\jsoup-jsoup-1.19.1\src\main\java\org\jsoup\parser\TokeniserState.java,org.jsoup.parser.TokeniserState$Anonymous55,anonymous,2,2,0,2,6,1,0,10,0,0.0,NaN,NaN,1,0,0,0,0,1,1,0,0,0,0,0,0,0,0,0,0,0,0,29,1,0,0,0,0,0,0,4,0,0,2,0,0,0,13,-1,1
C:\Users\Okan\Desktop\KOU YL YM\Yazılım Mimarisi ve Tasarım Yöntemleri\Proje\Sürümler\jsoup-jsoup-1.19.1\jsoup-jsoup-1.19.1\src\main\java\org\jsoup\helper\ValidationException.java,org.jsoup.helper.ValidationException,class,2,4,2,2,4,5,0,8,1,0.5,0.0,0.0,2,0,2,0,0,0,2,0,0,1,1,1,1,0,0,0,1,0,0,17,1,1,0,0,0,0,1,3,0,3,2,0,0,0,24,1,0
C:\Users\Okan\Desktop\KOU YL YM\Yazılım Mimarisi ve Tasarım Yöntemleri\Proje\Sürümler\jsoup-jsoup-1.19.1\jsoup-jsoup-1.19.1\src\main\java\org\jsoup\nodes\Attributes.java,org.jsoup.nodes.Attributes$Dataset$DatasetIterator,innerclass,2,2,0,2,5,1,0,9,0,0.33333334,0.0,0.0,3,0,3,0,0,0,3,0,0,0,2,0,0,2,0,0,1,0,0,17,3,1,0,0,0,0,0,2,0,2,2,0,0,0,11,2,0
C:\Users\Okan\Desktop\KOU YL YM\Yazılım Mimarisi ve Tasarım Yöntemleri\Proje\Sürümler\jsoup-jsoup-1.19.1\jsoup-jsoup-1.19.1\src\main\java\org\jsoup\parser\TokeniserState.java,org.jsoup.parser.TokeniserState$Anonymous56,anonymous,2,2,0,2,10,1,0,5,0,0.0,NaN,NaN,1,0,0,0,0,1,1,0,0,0,0,0,0,0,0,0,0,0,0,28,0,0,0,0,0,0,0,4,0,1,1,0,0,0,16,-1,4
C:\Users\Okan\Desktop\KOU YL YM\Yazılım Mimarisi ve Tasarım Yöntemleri\Proje\Sürümler\jsoup-jsoup-1.19.1\jsoup-jsoup-1.19.1\src\main\java\org\jsoup\select\StructuralEvaluator.java,org.jsoup.select.StructuralEvaluator$Not,innerclass,3,3,0,3,4,3,0,3,6,0.0,0.0,0.0,4,0,3,0,1,0,4,0,0,0,0,0,0,0,0,0,0,0,1,14,3,0,0,0,0,1,1,0,1,0,0,0,0,0,12,8,0
C:\Users\Okan\Desktop\KOU YL YM\Yazılım Mimarisi ve Tasarım Yöntemleri\Proje\Sürümler\jsoup-jsoup-1.19.1\jsoup-jsoup-1.19.1\src\main\java\org\jsoup\parser\CharacterReader.java,org.jsoup.parser.CharacterReader,class,5,81,76,5,200,1,0,46,0,0.87159854,0.0,0.0,56,2,15,6,0,35,50,0,0,0,21,8,0,18,0,3,8,0,29,486,76,23,27,2,12,11,60,130,46,99,3,0,0,2,266,17,0
C:\Users\Okan\Desktop\KOU YL YM\Yazılım Mimarisi ve Tasarım Yöntemleri\Proje\Sürümler\jsoup-jsoup-1.19.1\jsoup-jsoup-1.19.1\src\main\java\org\jsoup\select\Evaluator.java,org.jsoup.select.Evaluator$IsFirstChild,innerclass,3,3,0,3,4,2,0,2,1,0.0,0.0,0.0,2,0,2,0,0,0,2,0,0,0,0,0,0,0,0,0,0,0,0,9,2,0,2,0,1,1,0,1,0,1,0,0,0,0,18,25,0
C:\Users\Okan\Desktop\KOU YL YM\Yazılım Mimarisi ve Tasarım Yöntemleri\Proje\Sürümler\jsoup-jsoup-1.19.1\jsoup-jsoup-1.19.1\src\main\java\org\jsoup\parser\TokeniserState.java,org.jsoup.parser.TokeniserState$Anonymous60,anonymous,2,2,0,2,10,1,0,5,0,0.0,NaN,NaN,1,0,0,0,0,1,1,0,0,0,0,0,0,0,0,0,0,0,0,26,0,0,0,0,0,0,0,3,0,1,1,0,0,0,19,-1,3
C:\Users\Okan\Desktop\KOU YL YM\Yazılım Mimarisi ve Tasarım Yöntemleri\Proje\Sürümler\jsoup-jsoup-1.19.1\jsoup-jsoup-1.19.1\src\main\java\org\jsoup\parser\TokeniserState.java,org.jsoup.parser.TokeniserState$Anonymous61,anonymous,2,2,0,2,10,1,0,5,0,0.0,NaN,NaN,1,0,0,0,0,1,1,0,0,0,0,0,0,0,0,0,0,0,0,25,0,0,0,0,0,0,0,3,0,1,1,0,0,0,15,-1,3
C:\Users\Okan\Desktop\KOU YL YM\Yazılım Mimarisi ve Tasarım Yöntemleri\Proje\Sürümler\jsoup-jsoup-1.19.1\jsoup-jsoup-1.19.1\src\main\java\org\jsoup\parser\TokeniserState.java,org.jsoup.parser.TokeniserState$Anonymous62,anonymous,2,2,0,2,10,1,0,5,0,0.0,NaN,NaN,1,0,0,0,0,1,1,0,0,0,0,0,0,0,0,0,0,0,0,28,0,0,0,0,0,0,0,4,0,1,1,0,0,0,15,-1,4
C:\Users\Okan\Desktop\KOU YL YM\Yazılım Mimarisi ve Tasarım Yöntemleri\Proje\Sürümler\jsoup-jsoup-1.19.1\jsoup-jsoup-1.19.1\src\main\java\org\jsoup\parser\TokeniserState.java,org.jsoup.parser.TokeniserState$Anonymous63,anonymous,2,2,0,2,10,1,0,5,0,0.0,NaN,NaN,1,0,0,0,0,1,1,0,0,0,0,0,0,0,0,0,0,0,0,25,0,0,0,0,0,0,0,4,0,1,1,0,0,0,15,-1,2
C:\Users\Okan\Desktop\KOU YL YM\Yazılım Mimarisi ve Tasarım Yöntemleri\Proje\Sürümler\jsoup-jsoup-1.19.1\jsoup-jsoup-1.19.1\src\main\java\org\jsoup\select\StructuralEvaluator.java,org.jsoup.select.StructuralEvaluator$Root,innerclass,2,2,0,2,4,2,0,0,3,0.0,0.0,0.0,3,0,2,0,1,0,3,0,0,0,0,0,0,0,0,0,0,0,0,11,3,0,1,0,0,1,1,0,0,0,0,0,0,0,9,8,0
C:\Users\Okan\Desktop\KOU YL YM\Yazılım Mimarisi ve Tasarım Yöntemleri\Proje\Sürümler\jsoup-jsoup-1.19.1\jsoup-jsoup-1.19.1\src\main\java\org\jsoup\helper\HttpConnection.java,org.jsoup.helper.HttpConnection$Response,innerclass,27,27,0,27,108,2,0,120,118,0.86133343,0.0,0.0,25,7,11,7,0,7,18,0,0,0,15,3,0,10,0,5,4,0,48,351,24,8,35,3,12,39,39,85,8,58,4,0,0,0,258,9,0
C:\Users\Okan\Desktop\KOU YL YM\Yazılım Mimarisi ve Tasarım Yöntemleri\Proje\Sürümler\jsoup-jsoup-1.19.1\jsoup-jsoup-1.19.1\src\main\java\org\jsoup\select\NodeVisitor.java,org.jsoup.select.NodeVisitor,interface,1,16,15,1,2,1,0,0,1,0.0,0.0,0.0,2,0,0,0,0,2,2,0,0,0,0,0,0,0,0,0,0,0,0,5,0,0,0,0,0,0,0,0,0,0,0,0,0,0,90,1,0
C:\Users\Okan\Desktop\KOU YL YM\Yazılım Mimarisi ve Tasarım Yöntemleri\Proje\Sürümler\jsoup-jsoup-1.19.1\jsoup-jsoup-1.19.1\src\main\java\org\jsoup\safety\Safelist.java,org.jsoup.safety.Safelist$Protocol,innerclass,2,2,0,2,2,2,0,0,1,0.0,0.0,0.0,2,1,0,0,0,2,2,0,0,0,0,0,0,0,0,0,0,0,0,8,1,0,0,0,0,0,0,0,0,0,0,0,0,0,5,8,0
C:\Users\Okan\Desktop\KOU YL YM\Yazılım Mimarisi ve Tasarım Yöntemleri\Proje\Sürümler\jsoup-jsoup-1.19.1\jsoup-jsoup-1.19.1\src\main\java\org\jsoup\parser\Token.java,org.jsoup.parser.Token$StartTag,innerclass,5,5,0,5,7,3,0,7,6,0.0,0.0,0.0,4,0,1,0,0,3,4,0,0,0,0,0,0,0,0,0,0,0,1,21,4,0,0,0,0,5,1,5,2,1,1,0,0,0,21,24,0
C:\Users\Okan\Desktop\KOU YL YM\Yazılım Mimarisi ve Tasarım Yöntemleri\Proje\Sürümler\jsoup-jsoup-1.19.1\jsoup-jsoup-1.19.1\src\main\java\org\jsoup\parser\Token.java,org.jsoup.parser.Token$EOF,innerclass,2,2,0,2,3,2,0,1,3,0.0,0.0,0.0,3,0,1,0,0,2,3,0,0,0,0,0,0,0,0,0,0,0,0,12,2,0,0,0,0,1,0,0,0,0,0,0,0,0,7,24,0
C:\Users\Okan\Desktop\KOU YL YM\Yazılım Mimarisi ve Tasarım Yöntemleri\Proje\Sürümler\jsoup-jsoup-1.19.1\jsoup-jsoup-1.19.1\src\main\java\org\jsoup\select\Evaluator.java,org.jsoup.select.Evaluator$AttributeWithValueStarting,innerclass,4,4,0,4,4,3,0,5,6,0.0,0.0,0.0,4,0,3,0,1,0,4,0,0,0,0,0,0,0,0,0,0,0,2,14,3,0,0,0,0,1,1,0,0,0,0,0,0,0,21,25,0
C:\Users\Okan\Desktop\KOU YL YM\Yazılım Mimarisi ve Tasarım Yöntemleri\Proje\Sürümler\jsoup-jsoup-1.19.1\jsoup-jsoup-1.19.1\src\main\java\org\jsoup\nodes\DocumentType.java,org.jsoup.nodes.DocumentType,class,6,12,6,6,22,3,0,10,19,0.7333333,0.0,0.0,10,0,6,2,0,2,8,0,0,0,6,6,2,4,0,0,6,0,3,57,5,0,2,0,0,13,1,6,0,6,1,0,0,0,57,1,0
C:\Users\Okan\Desktop\KOU YL YM\Yazılım Mimarisi ve Tasarım Yöntemleri\Proje\Sürümler\jsoup-jsoup-1.19.1\jsoup-jsoup-1.19.1\src\main\java\org\jsoup\Connection.java,org.jsoup.Connection$Request,interface,6,6,0,6,25,1,0,0,300,0.0,0.0,0.0,25,0,0,0,0,25,25,0,0,0,0,0,0,0,0,0,0,0,0,31,0,0,0,0,0,1,0,0,0,0,0,0,0,0,134,0,0
C:\Users\Okan\Desktop\KOU YL YM\Yazılım Mimarisi ve Tasarım Yöntemleri\Proje\Sürümler\jsoup-jsoup-1.19.1\jsoup-jsoup-1.19.1\src\main\java\org\jsoup\examples\HtmlToPlainText.java,org.jsoup.examples.HtmlToPlainText,class,10,11,1,10,11,1,0,17,3,0.6666667,0.0,0.0,3,3,1,0,0,2,3,0,0,0,2,2,0,2,0,0,2,0,6,88,2,3,5,0,0,2,7,15,1,13,3,0,1,0,108,1,0
C:\Users\Okan\Desktop\KOU YL YM\Yazılım Mimarisi ve Tasarım Yöntemleri\Proje\Sürümler\jsoup-jsoup-1.19.1\jsoup-jsoup-1.19.1\src\main\java\org\jsoup\HttpStatusException.java,org.jsoup.HttpStatusException,class,0,1,1,0,3,4,0,0,0,0.33333334,0.0,0.0,3,0,3,0,0,0,3,0,0,0,2,0,0,2,0,0,2,0,0,15,2,0,0,0,0,3,0,2,1,2,0,0,0,0,25,1,0
C:\Users\Okan\Desktop\KOU YL YM\Yazılım Mimarisi ve Tasarım Yöntemleri\Proje\Sürümler\jsoup-jsoup-1.19.1\jsoup-jsoup-1.19.1\src\main\java\org\jsoup\select\QueryParser.java,org.jsoup.select.QueryParser,class,58,64,6,58,116,1,0,69,63,0.8136646,0.0,0.0,23,1,2,20,0,1,3,0,0,0,7,4,0,7,0,0,7,0,37,289,56,2,6,1,6,96,21,74,7,45,7,0,0,0,123,1,0
C:\Users\Okan\Desktop\KOU YL YM\Yazılım Mimarisi ve Tasarım Yöntemleri\Proje\Sürümler\jsoup-jsoup-1.19.1\jsoup-jsoup-1.19.1\src\main\java\org\jsoup\select\Evaluator.java,org.jsoup.select.Evaluator$MatchesWholeText,innerclass,2,2,0,2,4,2,0,4,0,0.25,0.0,0.0,4,0,3,0,1,0,4,0,0,0,1,0,0,1,0,0,1,0,1,16,3,0,0,0,0,1,1,2,0,2,0,0,0,0,21,25,0
C:\Users\Okan\Desktop\KOU YL YM\Yazılım Mimarisi ve Tasarım Yöntemleri\Proje\Sürümler\jsoup-jsoup-1.19.1\jsoup-jsoup-1.19.1\src\main\java\org\jsoup\parser\HtmlTreeBuilderState.java,org.jsoup.parser.HtmlTreeBuilderState$Anonymous23,anonymous,4,4,0,4,9,1,0,12,0,0.0,NaN,NaN,1,0,0,0,0,1,1,0,0,0,0,0,0,0,0,0,0,0,1,20,4,0,0,0,1,2,0,0,0,0,1,0,0,0,11,-1,1
C:\Users\Okan\Desktop\KOU YL YM\Yazılım Mimarisi ve Tasarım Yöntemleri\Proje\Sürümler\jsoup-jsoup-1.19.1\jsoup-jsoup-1.19.1\src\main\java\org\jsoup\nodes\NodeUtils.java,org.jsoup.nodes.NodeUtils,class,14,18,4,14,7,1,0,13,10,0.0,0.0,0.0,5,5,0,0,0,5,5,0,0,0,0,0,0,0,0,0,0,0,6,28,5,0,2,0,1,1,0,8,0,8,0,0,0,0,111,16,0
C:\Users\Okan\Desktop\KOU YL YM\Yazılım Mimarisi ve Tasarım Yöntemleri\Proje\Sürümler\jsoup-jsoup-1.19.1\jsoup-jsoup-1.19.1\src\main\java\org\jsoup\parser\HtmlTreeBuilderState.java,org.jsoup.parser.HtmlTreeBuilderState$Anonymous22,anonymous,5,5,0,5,7,1,0,17,0,0.0,NaN,NaN,1,0,0,0,0,1,1,0,0,0,0,0,0,0,0,0,0,0,1,22,3,0,0,0,1,1,0,1,0,1,1,0,0,0,12,-1,1
C:\Users\Okan\Desktop\KOU YL YM\Yazılım Mimarisi ve Tasarım Yöntemleri\Proje\Sürümler\jsoup-jsoup-1.19.1\jsoup-jsoup-1.19.1\src\main\java\org\jsoup\select\Evaluator.java,org.jsoup.select.Evaluator$Matches,innerclass,2,2,0,2,4,2,0,4,0,0.25,0.0,0.0,4,0,3,0,1,0,4,0,0,0,1,0,0,1,0,0,1,0,1,16,3,0,0,0,0,1,1,2,0,2,0,0,0,0,19,25,0
C:\Users\Okan\Desktop\KOU YL YM\Yazılım Mimarisi ve Tasarım Yöntemleri\Proje\Sürümler\jsoup-jsoup-1.19.1\jsoup-jsoup-1.19.1\src\main\java\org\jsoup\parser\HtmlTreeBuilderState.java,org.jsoup.parser.HtmlTreeBuilderState$Anonymous24,anonymous,14,14,0,14,24,1,0,30,1,0.0,0.0,0.0,2,0,0,0,0,2,2,0,0,0,0,0,0,0,0,0,0,0,4,52,8,1,1,0,1,10,2,7,2,6,4,0,0,0,19,-1,3
C:\Users\Okan\Desktop\KOU YL YM\Yazılım Mimarisi ve Tasarım Yöntemleri\Proje\Sürümler\jsoup-jsoup-1.19.1\jsoup-jsoup-1.19.1\src\main\java\org\jsoup\select\Evaluator.java,org.jsoup.select.Evaluator$IsOnlyChild,innerclass,3,3,0,3,3,2,0,3,1,0.0,0.0,0.0,2,0,2,0,0,0,2,0,0,0,0,0,0,0,0,0,0,0,0,9,2,0,1,0,1,1,0,1,0,1,0,0,0,0,12,25,0
C:\Users\Okan\Desktop\KOU YL YM\Yazılım Mimarisi ve Tasarım Yöntemleri\Proje\Sürümler\jsoup-jsoup-1.19.1\jsoup-jsoup-1.19.1\src\main\java\org\jsoup\Connection.java,org.jsoup.Connection$Method,enum,0,0,0,0,2,1,0,0,0,0.0,0.0,0.0,2,0,1,0,0,1,2,0,1,0,1,0,0,1,0,0,1,0,0,9,1,0,0,0,0,0,0,1,0,1,0,0,0,0,37,0,0
C:\Users\Okan\Desktop\KOU YL YM\Yazılım Mimarisi ve Tasarım Yöntemleri\Proje\Sürümler\jsoup-jsoup-1.19.1\jsoup-jsoup-1.19.1\src\main\java\org\jsoup\helper\HttpConnection.java,org.jsoup.helper.HttpConnection$Base,innerclass,9,9,0,9,38,1,0,30,89,0.7818183,0.0,0.0,22,0,18,4,0,0,19,0,0,0,5,1,0,1,0,4,1,0,20,142,24,5,3,1,0,18,1,21,0,13,2,0,0,0,61,1034,0
C:\Users\Okan\Desktop\KOU YL YM\Yazılım Mimarisi ve Tasarım Yöntemleri\Proje\Sürümler\jsoup-jsoup-1.19.1\jsoup-jsoup-1.19.1\src\main\java\org\jsoup\parser\TokenQueue.java,org.jsoup.parser.TokenQueue,class,4,8,4,4,80,1,0,31,24,0.7172414,0.0,0.0,29,2,26,3,0,0,26,0,0,0,5,3,0,5,0,0,3,0,9,224,30,10,18,0,1,11,23,55,4,34,4,0,0,0,215,1,0
C:\Users\Okan\Desktop\KOU YL YM\Yazılım Mimarisi ve Tasarım Yöntemleri\Proje\Sürümler\jsoup-jsoup-1.19.1\jsoup-jsoup-1.19.1\src\main\java\org\jsoup\parser\ParseSettings.java,org.jsoup.parser.ParseSettings,class,4,16,12,4,13,1,0,4,0,0.71875,0.0,0.0,8,1,5,0,0,3,9,0,0,0,4,2,2,2,0,0,4,0,3,42,6,0,1,0,0,0,0,8,0,4,1,0,0,0,50,1,0
C:\Users\Okan\Desktop\KOU YL YM\Yazılım Mimarisi ve Tasarım Yöntemleri\Proje\Sürümler\jsoup-jsoup-1.19.1\jsoup-jsoup-1.19.1\src\main\java\org\jsoup\select\NodeFilter.java,org.jsoup.select.NodeFilter,interface,2,6,4,2,2,1,0,0,1,0.0,0.0,0.0,2,0,0,0,0,2,2,0,0,0,0,0,0,0,0,0,0,0,0,12,1,0,0,0,0,0,0,0,0,0,0,0,1,0,90,1,0
C:\Users\Okan\Desktop\KOU YL YM\Yazılım Mimarisi ve Tasarım Yöntemleri\Proje\Sürümler\jsoup-jsoup-1.19.1\jsoup-jsoup-1.19.1\src\main\java\org\jsoup\parser\HtmlTreeBuilderState.java,org.jsoup.parser.HtmlTreeBuilderState$Anonymous21,anonymous,4,4,0,4,11,1,0,17,0,0.0,NaN,NaN,1,0,0,0,0,1,1,0,0,0,0,0,0,0,0,0,0,0,1,30,5,0,0,0,0,3,0,0,0,0,1,0,0,0,13,-1,2
C:\Users\Okan\Desktop\KOU YL YM\Yazılım Mimarisi ve Tasarım Yöntemleri\Proje\Sürümler\jsoup-jsoup-1.19.1\jsoup-jsoup-1.19.1\src\main\java\org\jsoup\parser\HtmlTreeBuilderState.java,org.jsoup.parser.HtmlTreeBuilderState$Anonymous20,anonymous,6,6,0,6,16,1,0,22,0,0.0,NaN,NaN,1,0,0,0,0,1,1,0,0,0,0,0,0,0,0,0,0,0,1,50,8,0,0,0,0,8,0,1,0,1,3,0,0,0,14,-1,5
C:\Users\Okan\Desktop\KOU YL YM\Yazılım Mimarisi ve Tasarım Yöntemleri\Proje\Sürümler\jsoup-jsoup-1.19.1\jsoup-jsoup-1.19.1\src\main\java\org\jsoup\select\Evaluator.java,org.jsoup.select.Evaluator$MatchesWholeOwnText,innerclass,2,2,0,2,4,2,0,4,0,0.25,0.0,0.0,4,0,3,0,1,0,4,0,0,0,1,0,0,1,0,0,1,0,1,16,3,0,0,0,0,1,1,2,0,2,0,0,0,0,20,25,0
C:\Users\Okan\Desktop\KOU YL YM\Yazılım Mimarisi ve Tasarım Yöntemleri\Proje\Sürümler\jsoup-jsoup-1.19.1\jsoup-jsoup-1.19.1\src\main\java\org\jsoup\parser\HtmlTreeBuilderState.java,org.jsoup.parser.HtmlTreeBuilderState$Anonymous12,anonymous,8,8,0,8,16,1,0,16,1,0.0,NaN,NaN,2,0,0,1,0,1,1,0,0,0,0,0,0,0,0,0,0,0,1,55,11,0,0,0,0,7,0,3,0,3,3,0,0,0,19,-1,3
C:\Users\Okan\Desktop\KOU YL YM\Yazılım Mimarisi ve Tasarım Yöntemleri\Proje\Sürümler\jsoup-jsoup-1.19.1\jsoup-jsoup-1.19.1\src\main\java\org\jsoup\parser\HtmlTreeBuilderState.java,org.jsoup.parser.HtmlTreeBuilderState$Anonymous11,anonymous,6,6,0,6,13,1,0,17,0,0.0,NaN,NaN,1,0,0,0,0,1,1,0,0,0,0,0,0,0,0,0,0,0,2,37,5,0,0,0,1,8,0,0,0,0,3,0,0,0,12,-1,5
C:\Users\Okan\Desktop\KOU YL YM\Yazılım Mimarisi ve Tasarım Yöntemleri\Proje\Sürümler\jsoup-jsoup-1.19.1\jsoup-jsoup-1.19.1\src\main\java\org\jsoup\parser\HtmlTreeBuilderState.java,org.jsoup.parser.HtmlTreeBuilderState$Anonymous14,anonymous,8,8,0,8,15,1,0,17,1,0.0,NaN,NaN,2,0,0,1,0,1,1,0,0,0,0,0,0,0,0,0,0,0,4,77,14,0,0,0,0,5,0,4,0,4,3,0,0,0,21,-1,5
C:\Users\Okan\Desktop\KOU YL YM\Yazılım Mimarisi ve Tasarım Yöntemleri\Proje\Sürümler\jsoup-jsoup-1.19.1\jsoup-jsoup-1.19.1\src\main\java\org\jsoup\internal\Functions.java,org.jsoup.internal.Functions,class,4,7,3,4,5,1,0,0,10,0.8,0.0,0.0,5,4,4,1,0,0,4,0,0,0,4,4,0,4,0,0,4,0,0,20,4,0,0,0,0,2,0,4,0,8,0,0,0,4,17,17,0
C:\Users\Okan\Desktop\KOU YL YM\Yazılım Mimarisi ve Tasarım Yöntemleri\Proje\Sürümler\jsoup-jsoup-1.19.1\jsoup-jsoup-1.19.1\src\main\java\org\jsoup\parser\HtmlTreeBuilderState.java,org.jsoup.parser.HtmlTreeBuilderState$Anonymous13,anonymous,9,9,0,9,15,1,0,20,3,0.0,NaN,NaN,3,0,0,2,0,1,1,0,0,0,0,0,0,0,0,0,0,0,4,60,12,0,0,0,1,6,0,4,0,3,3,0,0,0,22,-1,4
C:\Users\Okan\Desktop\KOU YL YM\Yazılım Mimarisi ve Tasarım Yöntemleri\Proje\Sürümler\jsoup-jsoup-1.19.1\jsoup-jsoup-1.19.1\src\main\java\org\jsoup\parser\HtmlTreeBuilderState.java,org.jsoup.parser.HtmlTreeBuilderState$Anonymous16,anonymous,10,10,0,10,31,1,0,24,1,0.0,NaN,NaN,2,0,0,1,0,1,1,0,0,0,0,0,0,0,0,0,0,0,1,80,14,0,1,0,0,25,0,5,0,4,4,0,0,0,18,-1,9
C:\Users\Okan\Desktop\KOU YL YM\Yazılım Mimarisi ve Tasarım Yöntemleri\Proje\Sürümler\jsoup-jsoup-1.19.1\jsoup-jsoup-1.19.1\src\main\java\org\jsoup\helper\W3CDom.java,org.jsoup.helper.W3CDom$W3CBuilder,innerclass,20,20,0,20,30,1,0,36,0,0.6458333,0.0,0.0,6,0,3,3,0,0,3,0,0,0,8,2,0,8,0,0,5,0,3,102,1,2,7,2,0,9,2,30,1,27,4,0,0,0,69,12,0
C:\Users\Okan\Desktop\KOU YL YM\Yazılım Mimarisi ve Tasarım Yöntemleri\Proje\Sürümler\jsoup-jsoup-1.19.1\jsoup-jsoup-1.19.1\src\main\java\org\jsoup\parser\HtmlTreeBuilderState.java,org.jsoup.parser.HtmlTreeBuilderState$Anonymous15,anonymous,7,7,0,7,15,1,0,18,3,0.0,NaN,NaN,3,0,0,2,0,1,1,0,0,0,0,0,0,0,0,0,0,0,4,54,10,0,0,0,1,5,0,2,0,2,3,0,0,0,20,-1,5
C:\Users\Okan\Desktop\KOU YL YM\Yazılım Mimarisi ve Tasarım Yöntemleri\Proje\Sürümler\jsoup-jsoup-1.19.1\jsoup-jsoup-1.19.1\src\main\java\org\jsoup\parser\HtmlTreeBuilderState.java,org.jsoup.parser.HtmlTreeBuilderState$Anonymous18,anonymous,5,5,0,5,17,1,0,18,0,0.0,NaN,NaN,1,0,0,0,0,1,1,0,0,0,0,0,0,0,0,0,0,0,3,61,10,0,1,0,0,8,1,2,1,1,3,0,0,0,19,-1,2
C:\Users\Okan\Desktop\KOU YL YM\Yazılım Mimarisi ve Tasarım Yöntemleri\Proje\Sürümler\jsoup-jsoup-1.19.1\jsoup-jsoup-1.19.1\src\main\java\org\jsoup\parser\HtmlTreeBuilderState.java,org.jsoup.parser.HtmlTreeBuilderState$Anonymous17,anonymous,4,4,0,4,6,1,0,12,0,0.0,NaN,NaN,1,0,0,0,0,1,1,0,0,0,0,0,0,0,0,0,0,0,2,22,4,0,0,0,1,2,0,0,0,0,2,0,0,0,10,-1,2
C:\Users\Okan\Desktop\KOU YL YM\Yazılım Mimarisi ve Tasarım Yöntemleri\Proje\Sürümler\jsoup-jsoup-1.19.1\jsoup-jsoup-1.19.1\src\main\java\org\jsoup\parser\HtmlTreeBuilderState.java,org.jsoup.parser.HtmlTreeBuilderState$Anonymous19,anonymous,6,6,0,6,12,1,0,22,0,0.0,NaN,NaN,1,0,0,0,0,1,1,0,0,0,0,0,0,0,0,0,0,0,1,37,5,0,2,0,0,3,0,1,0,1,3,0,0,0,16,-1,3
C:\Users\Okan\Desktop\KOU YL YM\Yazılım Mimarisi ve Tasarım Yöntemleri\Proje\Sürümler\jsoup-jsoup-1.19.1\jsoup-jsoup-1.19.1\src\main\java\org\jsoup\select\Evaluator.java,org.jsoup.select.Evaluator$ContainsOwnText,innerclass,4,4,0,4,3,2,0,5,0,0.0,0.0,0.0,3,0,3,0,0,0,3,0,0,0,1,0,0,1,0,0,1,0,4,12,2,0,0,0,0,1,0,1,0,1,0,0,0,0,17,25,0
C:\Users\Okan\Desktop\KOU YL YM\Yazılım Mimarisi ve Tasarım Yöntemleri\Proje\Sürümler\jsoup-jsoup-1.19.1\jsoup-jsoup-1.19.1\src\main\java\org\jsoup\parser\TokeniserState.java,org.jsoup.parser.TokeniserState,enum,7,20,13,7,31,1,0,27,13,0.75,NaN,NaN,6,5,0,5,0,1,1,1,0,0,6,6,0,3,0,3,6,0,1,1379,2,0,1,0,0,3,0,15,0,13,2,68,0,0,107,0,1
C:\Users\Okan\Desktop\KOU YL YM\Yazılım Mimarisi ve Tasarım Yöntemleri\Proje\Sürümler\jsoup-jsoup-1.19.1\jsoup-jsoup-1.19.1\src\main\java\org\jsoup\select\Evaluator.java,org.jsoup.select.Evaluator$IndexLessThan,innerclass,2,2,0,2,5,3,0,2,3,0.0,0.0,0.0,3,0,3,0,0,0,3,0,0,0,0,0,0,0,0,0,0,0,1,11,2,0,1,0,0,1,0,0,0,0,0,0,0,0,17,25,0
C:\Users\Okan\Desktop\KOU YL YM\Yazılım Mimarisi ve Tasarım Yöntemleri\Proje\Sürümler\jsoup-jsoup-1.19.1\jsoup-jsoup-1.19.1\src\main\java\org\jsoup\helper\RequestDispatch.java,org.jsoup.helper.RequestDispatch,class,5,6,1,5,6,1,0,4,0,0.0,0.0,0.0,1,1,0,0,0,1,2,0,0,0,1,1,0,0,0,1,0,0,2,24,3,0,1,2,0,1,0,2,0,2,2,0,0,0,42,0,0
C:\Users\Okan\Desktop\KOU YL YM\Yazılım Mimarisi ve Tasarım Yöntemleri\Proje\Sürümler\jsoup-jsoup-1.19.1\jsoup-jsoup-1.19.1\src\main\java\org\jsoup\nodes\Entities.java,org.jsoup.nodes.Entities$EscapeMode,enum,2,2,0,2,8,1,0,6,3,0.6666667,0.0,0.0,3,0,0,0,0,3,4,0,0,0,4,0,0,4,0,0,0,0,4,26,3,0,1,0,1,0,8,2,4,8,1,0,0,1,31,1,0
C:\Users\Okan\Desktop\KOU YL YM\Yazılım Mimarisi ve Tasarım Yöntemleri\Proje\Sürümler\jsoup-jsoup-1.19.1\jsoup-jsoup-1.19.1\src\main\java\org\jsoup\select\Evaluator.java,org.jsoup.select.Evaluator$MatchText,innerclass,6,6,0,6,5,2,0,9,3,0.0,0.0,0.0,3,0,2,0,1,0,3,0,0,0,0,0,0,0,0,0,0,0,1,18,4,1,0,0,0,1,1,2,0,2,1,0,0,0,16,25,0
C:\Users\Okan\Desktop\KOU YL YM\Yazılım Mimarisi ve Tasarım Yöntemleri\Proje\Sürümler\jsoup-jsoup-1.19.1\jsoup-jsoup-1.19.1\src\main\java\org\jsoup\parser\HtmlTreeBuilderState.java,org.jsoup.parser.HtmlTreeBuilderState$Anonymous10,anonymous,7,7,0,7,7,1,0,18,0,0.0,NaN,NaN,1,0,0,0,0,1,1,0,0,0,0,0,0,0,0,0,0,0,2,39,3,1,1,0,0,0,1,4,0,2,5,0,0,0,17,-1,2
C:\Users\Okan\Desktop\KOU YL YM\Yazılım Mimarisi ve Tasarım Yöntemleri\Proje\Sürümler\jsoup-jsoup-1.19.1\jsoup-jsoup-1.19.1\src\main\java\org\jsoup\safety\Cleaner.java,org.jsoup.safety.Cleaner$ElementMeta,innerclass,1,1,0,1,1,1,0,0,0,0.0,NaN,NaN,1,0,0,0,0,1,1,0,0,0,2,0,0,0,0,2,0,0,0,8,0,0,0,0,0,0,0,2,0,2,0,0,0,0,6,10,0
C:\Users\Okan\Desktop\KOU YL YM\Yazılım Mimarisi ve Tasarım Yöntemleri\Proje\Sürümler\jsoup-jsoup-1.19.1\jsoup-jsoup-1.19.1\src\main\java\org\jsoup\select\Evaluator.java,org.jsoup.select.Evaluator,class,7,56,49,7,5,59,62,1,10,0.0,0.0,0.0,5,0,2,0,3,0,5,1,0,0,0,0,0,0,0,0,0,0,0,591,2,0,0,0,0,0,1,0,0,1,0,0,42,1,86,1025,0
C:\Users\Okan\Desktop\KOU YL YM\Yazılım Mimarisi ve Tasarım Yöntemleri\Proje\Sürümler\jsoup-jsoup-1.19.1\jsoup-jsoup-1.19.1\src\main\java\org\jsoup\Connection.java,org.jsoup.Connection,interface,11,19,8,11,41,1,0,3,820,0.0,0.0,0.0,41,0,0,0,0,41,41,0,0,0,0,0,0,0,0,0,0,0,0,137,2,0,0,0,0,1,0,0,0,0,0,0,5,0,445,1,0
C:\Users\Okan\Desktop\KOU YL YM\Yazılım Mimarisi ve Tasarım Yöntemleri\Proje\Sürümler\jsoup-jsoup-1.19.1\jsoup-jsoup-1.19.1\src\main\java\org\jsoup\internal\SoftPool.java,org.jsoup.internal.SoftPool,class,2,8,6,2,7,1,0,10,2,0.5833333,0.0,0.0,4,0,3,0,0,1,4,0,0,0,3,1,0,1,0,2,3,0,1,30,3,0,1,0,0,0,1,7,0,6,1,0,0,1,97,1,0
C:\Users\Okan\Desktop\KOU YL YM\Yazılım Mimarisi ve Tasarım Yöntemleri\Proje\Sürümler\jsoup-jsoup-1.19.1\jsoup-jsoup-1.19.1\src\main\java\org\jsoup\select\Evaluator.java,org.jsoup.select.Evaluator$IsRoot,innerclass,3,3,0,3,5,2,0,1,3,0.0,0.0,0.0,3,0,2,0,1,0,3,0,0,0,0,0,0,0,0,0,0,0,0,12,3,0,1,0,0,1,1,1,0,1,0,0,0,0,19,25,0
C:\Users\Okan\Desktop\KOU YL YM\Yazılım Mimarisi ve Tasarım Yöntemleri\Proje\Sürümler\jsoup-jsoup-1.19.1\jsoup-jsoup-1.19.1\src\main\java\org\jsoup\nodes\CDataNode.java,org.jsoup.nodes.CDataNode,class,3,7,4,3,6,4,0,3,15,0.0,0.0,0.0,6,0,4,0,0,2,6,0,0,0,0,0,0,0,0,0,0,0,0,20,3,0,0,0,0,3,0,0,0,0,0,0,0,0,33,1,0
C:\Users\Okan\Desktop\KOU YL YM\Yazılım Mimarisi ve Tasarım Yöntemleri\Proje\Sürümler\jsoup-jsoup-1.19.1\jsoup-jsoup-1.19.1\src\main\java\org\jsoup\select\Evaluator.java,org.jsoup.select.Evaluator$IsLastChild,innerclass,3,3,0,3,4,2,0,2,1,0.0,0.0,0.0,2,0,2,0,0,0,2,0,0,0,0,0,0,0,0,0,0,0,0,9,2,0,2,0,1,1,0,1,0,1,0,0,0,0,18,25,0
C:\Users\Okan\Desktop\KOU YL YM\Yazılım Mimarisi ve Tasarım Yöntemleri\Proje\Sürümler\jsoup-jsoup-1.19.1\jsoup-jsoup-1.19.1\src\main\java\org\jsoup\select\Evaluator.java,org.jsoup.select.Evaluator$IsNthLastChild,innerclass,2,2,0,2,4,3,0,3,3,0.0,0.0,0.0,3,0,1,0,2,0,3,0,0,0,0,0,0,0,0,0,0,0,0,12,3,0,1,0,0,1,1,0,1,0,1,0,0,0,21,25,0
C:\Users\Okan\Desktop\KOU YL YM\Yazılım Mimarisi ve Tasarım Yöntemleri\Proje\Sürümler\jsoup-jsoup-1.19.1\jsoup-jsoup-1.19.1\src\main\java\org\jsoup\helper\RequestAuthenticator.java,org.jsoup.helper.RequestAuthenticator,interface,2,9,7,2,1,1,0,0,0,0.0,NaN,NaN,1,0,0,0,0,1,1,0,0,0,0,0,0,0,0,0,0,0,0,31,0,0,0,0,0,0,0,0,0,0,0,0,1,0,42,1,0
C:\Users\Okan\Desktop\KOU YL YM\Yazılım Mimarisi ve Tasarım Yöntemleri\Proje\Sürümler\jsoup-jsoup-1.19.1\jsoup-jsoup-1.19.1\src\main\java\org\jsoup\parser\Token.java,org.jsoup.parser.Token$TokenType,enum,0,0,0,0,0,1,0,0,0,0.0,-1.0,-1.0,0,0,0,0,0,0,0,0,0,0,0,0,0,0,0,0,0,0,0,1,0,0,0,0,0,0,0,0,0,0,0,0,0,0,6,1,0
C:\Users\Okan\Desktop\KOU YL YM\Yazılım Mimarisi ve Tasarım Yöntemleri\Proje\Sürümler\jsoup-jsoup-1.19.1\jsoup-jsoup-1.19.1\src\main\java\org\jsoup\nodes\Attribute.java,org.jsoup.nodes.Attribute,class,12,23,11,12,77,1,0,42,0,0.74,0.0,0.0,25,9,16,2,6,1,23,0,1,0,6,3,0,5,0,1,3,0,29,158,30,2,28,2,13,36,9,32,0,21,3,0,0,0,168,1,0
C:\Users\Okan\Desktop\KOU YL YM\Yazılım Mimarisi ve Tasarım Yöntemleri\Proje\Sürümler\jsoup-jsoup-1.19.1\jsoup-jsoup-1.19.1\src\main\java\org\jsoup\nodes\Range.java,org.jsoup.nodes.Range$AttributeRange,innerclass,3,3,0,3,10,1,0,7,0,0.44444442,0.0,0.0,6,0,6,0,0,0,6,0,0,0,3,1,0,2,0,1,3,0,3,29,8,0,3,0,0,0,0,5,0,5,1,0,0,0,38,9,0
